timestamp_ns,rtt_us,run_id,path,sequence
1788752400001000000,183.74,1,vpc_peering,1
1788752400002000000,177.6,1,vpc_peering,2
1788752400003000000,164.98,1,vpc_peering,3
1788752400004000000,151.82,1,vpc_peering,4
1788752400005000000,165.88,1,vpc_peering,5
1788752400006000000,195.35,1,vpc_peering,6
1788752400007000000,183.36,1,vpc_peering,7
1788752400008000000,140.82,1,vpc_peering,8
1788752400009000000,167.84,1,vpc_peering,9
1788752400010000000,161.25,1,vpc_peering,10
1788752400011000000,195.5,1,vpc_peering,11
1788752400012000000,177.71,1,vpc_peering,12
1788752400013000000,174.81,1,vpc_peering,13
1788752400014000000,198.92,1,vpc_peering,14
1788752400015000000,154.86,1,vpc_peering,15
1788752400016000000,163.22,1,vpc_peering,16
1788752400017000000,137.78,1,vpc_peering,17
1788752400018000000,184.42,1,vpc_peering,18
1788752400019000000,171.81,1,vpc_peering,19
1788752400020000000,179.06,1,vpc_peering,20
1788752400021000000,183.23,1,vpc_peering,21
1788752400022000000,152.35,1,vpc_peering,22
1788752400023000000,168.02,1,vpc_peering,23
1788752400024000000,157.5,1,vpc_peering,24
1788752400025000000,159.36,1,vpc_peering,25
1788752400026000000,173.06,1,vpc_peering,26
1788752400027000000,180.09,1,vpc_peering,27
1788752400028000000,169.37,1,vpc_peering,28
1788752400029000000,173.25,1,vpc_peering,29
1788752400030000000,167.73,1,vpc_peering,30
1788752400031000000,153.26,1,vpc_peering,31
1788752400032000000,170.62,1,vpc_peering,32
1788752400033000000,175.84,1,vpc_peering,33
1788752400034000000,183.29,1,vpc_peering,34
1788752400035000000,176.36,1,vpc_peering,35
1788752400036000000,163.61,1,vpc_peering,36
1788752400037000000,192.81,1,vpc_peering,37
1788752400038000000,174.72,1,vpc_peering,38
1788752400039000000,149.4,1,vpc_peering,39
1788752400040000000,185.56,1,vpc_peering,40
1788752400041000000,161.8,1,vpc_peering,41
1788752400042000000,176.06,1,vpc_peering,42
1788752400043000000,166.22,1,vpc_peering,43
1788752400044000000,155.14,1,vpc_peering,44
1788752400045000000,197.16,1,vpc_peering,45
1788752400046000000,177.17,1,vpc_peering,46
1788752400047000000,154.02,1,vpc_peering,47
1788752400048000000,184.16,1,vpc_peering,48
1788752400049000000,147.71,1,vpc_peering,49
1788752400050000000,168.23,1,vpc_peering,50
1788752400051000000,157.98,1,vpc_peering,51
1788752400052000000,177.67,1,vpc_peering,52
1788752400053000000,183.5,1,vpc_peering,53
1788752400054000000,173.06,1,vpc_peering,54
1788752400055000000,188.61,1,vpc_peering,55
1788752400056000000,174.93,1,vpc_peering,56
1788752400057000000,174.85,1,vpc_peering,57
1788752400058000000,186.09,1,vpc_peering,58
1788752400059000000,154.94,1,vpc_peering,59
1788752400060000000,186.16,1,vpc_peering,60
1788752400061000000,160.47,1,vpc_peering,61
1788752400062000000,172.25,1,vpc_peering,62
1788752400063000000,150.23,1,vpc_peering,63
1788752400064000000,175.35,1,vpc_peering,64
1788752400065000000,158.93,1,vpc_peering,65
1788752400066000000,139.22,1,vpc_peering,66
1788752400067000000,205.22,1,vpc_peering,67
1788752400068000000,171.11,1,vpc_peering,68
1788752400069000000,186.7,1,vpc_peering,69
1788752400070000000,190.6,1,vpc_peering,70
1788752400071000000,160.13,1,vpc_peering,71
1788752400072000000,132.37,1,vpc_peering,72
1788752400073000000,156.21,1,vpc_peering,73
1788752400074000000,178.49,1,vpc_peering,74
1788752400075000000,163.3,1,vpc_peering,75
1788752400076000000,140.75,1,vpc_peering,76
1788752400077000000,171.72,1,vpc_peering,77
1788752400078000000,180.52,1,vpc_peering,78
1788752400079000000,153.38,1,vpc_peering,79
1788752400080000000,171.09,1,vpc_peering,80
1788752400081000000,185.6,1,vpc_peering,81
1788752400082000000,175.33,1,vpc_peering,82
1788752400083000000,151.8,1,vpc_peering,83
1788752400084000000,146.34,1,vpc_peering,84
1788752400085000000,170.37,1,vpc_peering,85
1788752400086000000,175.6,1,vpc_peering,86
1788752400087000000,193.08,1,vpc_peering,87
1788752400088000000,156.18,1,vpc_peering,88
1788752400089000000,155.81,1,vpc_peering,89
1788752400090000000,195.9,1,vpc_peering,90
1788752400091000000,171.07,1,vpc_peering,91
1788752400092000000,143.87,1,vpc_peering,92
1788752400093000000,196.23,1,vpc_peering,93
1788752400094000000,161.38,1,vpc_peering,94
1788752400095000000,175.0,1,vpc_peering,95
1788752400096000000,184.08,1,vpc_peering,96
1788752400097000000,170.79,1,vpc_peering,97
1788752400098000000,172.21,1,vpc_peering,98
1788752400099000000,183.22,1,vpc_peering,99
1788752400100000000,184.63,1,vpc_peering,100
1788752400101000000,162.82,1,vpc_peering,101
1788752400102000000,140.39,1,vpc_peering,102
1788752400103000000,149.61,1,vpc_peering,103
1788752400104000000,175.17,1,vpc_peering,104
1788752400105000000,177.48,1,vpc_peering,105
1788752400106000000,185.92,1,vpc_peering,106
1788752400107000000,184.39,1,vpc_peering,107
1788752400108000000,204.22,1,vpc_peering,108
1788752400109000000,163.47,1,vpc_peering,109
1788752400110000000,182.8,1,vpc_peering,110
1788752400111000000,182.11,1,vpc_peering,111
1788752400112000000,171.83,1,vpc_peering,112
1788752400113000000,166.24,1,vpc_peering,113
1788752400114000000,177.94,1,vpc_peering,114
1788752400115000000,178.15,1,vpc_peering,115
1788752400116000000,179.01,1,vpc_peering,116
1788752400117000000,157.82,1,vpc_peering,117
1788752400118000000,177.8,1,vpc_peering,118
1788752400119000000,139.63,1,vpc_peering,119
1788752400120000000,180.53,1,vpc_peering,120
1788752400121000000,171.65,1,vpc_peering,121
1788752400122000000,172.17,1,vpc_peering,122
1788752400123000000,196.8,1,vpc_peering,123
1788752400124000000,163.13,1,vpc_peering,124
1788752400125000000,168.72,1,vpc_peering,125
1788752400126000000,170.32,1,vpc_peering,126
1788752400127000000,166.41,1,vpc_peering,127
1788752400128000000,155.67,1,vpc_peering,128
1788752400129000000,171.39,1,vpc_peering,129
1788752400130000000,163.25,1,vpc_peering,130
1788752400131000000,173.08,1,vpc_peering,131
1788752400132000000,134.3,1,vpc_peering,132
1788752400133000000,161.11,1,vpc_peering,133
1788752400134000000,192.01,1,vpc_peering,134
1788752400135000000,155.33,1,vpc_peering,135
1788752400136000000,184.74,1,vpc_peering,136
1788752400137000000,168.12,1,vpc_peering,137
1788752400138000000,178.33,1,vpc_peering,138
1788752400139000000,197.62,1,vpc_peering,139
1788752400140000000,147.4,1,vpc_peering,140
1788752400141000000,198.24,1,vpc_peering,141
1788752400142000000,189.01,1,vpc_peering,142
1788752400143000000,175.39,1,vpc_peering,143
1788752400144000000,206.66,1,vpc_peering,144
1788752400145000000,147.66,1,vpc_peering,145
1788752400146000000,172.93,1,vpc_peering,146
1788752400147000000,163.38,1,vpc_peering,147
1788752400148000000,181.59,1,vpc_peering,148
1788752400149000000,181.75,1,vpc_peering,149
1788752400150000000,143.46,1,vpc_peering,150
1788752400151000000,160.88,1,vpc_peering,151
1788752400152000000,163.02,1,vpc_peering,152
1788752400153000000,190.4,1,vpc_peering,153
1788752400154000000,164.27,1,vpc_peering,154
1788752400155000000,182.53,1,vpc_peering,155
1788752400156000000,164.26,1,vpc_peering,156
1788752400157000000,155.07,1,vpc_peering,157
1788752400158000000,183.35,1,vpc_peering,158
1788752400159000000,143.94,1,vpc_peering,159
1788752400160000000,180.87,1,vpc_peering,160
1788752400161000000,190.98,1,vpc_peering,161
1788752400162000000,163.14,1,vpc_peering,162
1788752400163000000,174.82,1,vpc_peering,163
1788752400164000000,190.52,1,vpc_peering,164
1788752400165000000,172.02,1,vpc_peering,165
1788752400166000000,144.12,1,vpc_peering,166
1788752400167000000,168.71,1,vpc_peering,167
1788752400168000000,182.62,1,vpc_peering,168
1788752400169000000,172.57,1,vpc_peering,169
1788752400170000000,170.42,1,vpc_peering,170
1788752400171000000,150.88,1,vpc_peering,171
1788752400172000000,198.02,1,vpc_peering,172
1788752400173000000,182.52,1,vpc_peering,173
1788752400174000000,172.49,1,vpc_peering,174
1788752400175000000,184.24,1,vpc_peering,175
1788752400176000000,185.41,1,vpc_peering,176
1788752400177000000,164.41,1,vpc_peering,177
1788752400178000000,186.03,1,vpc_peering,178
1788752400179000000,205.51,1,vpc_peering,179
1788752400180000000,152.69,1,vpc_peering,180
1788752400181000000,160.6,1,vpc_peering,181
1788752400182000000,166.27,1,vpc_peering,182
1788752400183000000,168.15,1,vpc_peering,183
1788752400184000000,183.84,1,vpc_peering,184
1788752400185000000,163.6,1,vpc_peering,185
1788752400186000000,181.38,1,vpc_peering,186
1788752400187000000,144.54,1,vpc_peering,187
1788752400188000000,191.8,1,vpc_peering,188
1788752400189000000,186.77,1,vpc_peering,189
1788752400190000000,167.95,1,vpc_peering,190
1788752400191000000,172.37,1,vpc_peering,191
1788752400192000000,166.03,1,vpc_peering,192
1788752400193000000,180.23,1,vpc_peering,193
1788752400194000000,189.91,1,vpc_peering,194
1788752400195000000,154.99,1,vpc_peering,195
1788752400196000000,178.52,1,vpc_peering,196
1788752400197000000,169.94,1,vpc_peering,197
1788752400198000000,177.8,1,vpc_peering,198
1788752400199000000,176.41,1,vpc_peering,199
1788752400200000000,165.53,1,vpc_peering,200
1788752400201000000,152.94,1,vpc_peering,201
1788752400202000000,151.65,1,vpc_peering,202
1788752400203000000,181.71,1,vpc_peering,203
1788752400204000000,184.73,1,vpc_peering,204
1788752400205000000,169.72,1,vpc_peering,205
1788752400206000000,171.98,1,vpc_peering,206
1788752400207000000,161.5,1,vpc_peering,207
1788752400208000000,171.31,1,vpc_peering,208
1788752400209000000,184.39,1,vpc_peering,209
1788752400210000000,162.07,1,vpc_peering,210
1788752400211000000,151.6,1,vpc_peering,211
1788752400212000000,166.93,1,vpc_peering,212
1788752400213000000,184.58,1,vpc_peering,213
1788752400214000000,187.34,1,vpc_peering,214
1788752400215000000,173.54,1,vpc_peering,215
1788752400216000000,172.67,1,vpc_peering,216
1788752400217000000,173.55,1,vpc_peering,217
1788752400218000000,160.62,1,vpc_peering,218
1788752400219000000,161.46,1,vpc_peering,219
1788752400220000000,157.89,1,vpc_peering,220
1788752400221000000,174.4,1,vpc_peering,221
1788752400222000000,179.01,1,vpc_peering,222
1788752400223000000,163.01,1,vpc_peering,223
1788752400224000000,155.92,1,vpc_peering,224
1788752400225000000,185.6,1,vpc_peering,225
1788752400226000000,169.21,1,vpc_peering,226
1788752400227000000,150.54,1,vpc_peering,227
1788752400228000000,163.11,1,vpc_peering,228
1788752400229000000,188.1,1,vpc_peering,229
1788752400230000000,166.78,1,vpc_peering,230
1788752400231000000,186.94,1,vpc_peering,231
1788752400232000000,174.02,1,vpc_peering,232
1788752400233000000,164.97,1,vpc_peering,233
1788752400234000000,181.85,1,vpc_peering,234
1788752400235000000,181.04,1,vpc_peering,235
1788752400236000000,180.04,1,vpc_peering,236
1788752400237000000,182.21,1,vpc_peering,237
1788752400238000000,170.89,1,vpc_peering,238
1788752400239000000,163.56,1,vpc_peering,239
1788752400240000000,187.63,1,vpc_peering,240
1788752400241000000,176.24,1,vpc_peering,241
1788752400242000000,179.07,1,vpc_peering,242
1788752400243000000,178.03,1,vpc_peering,243
1788752400244000000,131.97,1,vpc_peering,244
1788752400245000000,199.02,1,vpc_peering,245
1788752400246000000,166.44,1,vpc_peering,246
1788752400247000000,144.05,1,vpc_peering,247
1788752400248000000,160.92,1,vpc_peering,248
1788752400249000000,169.39,1,vpc_peering,249
1788752400250000000,175.27,1,vpc_peering,250
1788752400251000000,169.74,1,vpc_peering,251
1788752400252000000,166.44,1,vpc_peering,252
1788752400253000000,167.61,1,vpc_peering,253
1788752400254000000,162.92,1,vpc_peering,254
1788752400255000000,178.96,1,vpc_peering,255
1788752400256000000,170.64,1,vpc_peering,256
1788752400257000000,153.15,1,vpc_peering,257
1788752400258000000,184.75,1,vpc_peering,258
1788752400259000000,187.12,1,vpc_peering,259
1788752400260000000,161.32,1,vpc_peering,260
1788752400261000000,180.46,1,vpc_peering,261
1788752400262000000,160.39,1,vpc_peering,262
1788752400263000000,208.09,1,vpc_peering,263
1788752400264000000,155.88,1,vpc_peering,264
1788752400265000000,169.14,1,vpc_peering,265
1788752400266000000,184.18,1,vpc_peering,266
1788752400267000000,165.21,1,vpc_peering,267
1788752400268000000,184.29,1,vpc_peering,268
1788752400269000000,150.15,1,vpc_peering,269
1788752400270000000,170.68,1,vpc_peering,270
1788752400271000000,185.87,1,vpc_peering,271
1788752400272000000,163.59,1,vpc_peering,272
1788752400273000000,184.18,1,vpc_peering,273
1788752400274000000,166.34,1,vpc_peering,274
1788752400275000000,146.72,1,vpc_peering,275
1788752400276000000,169.99,1,vpc_peering,276
1788752400277000000,185.41,1,vpc_peering,277
1788752400278000000,187.1,1,vpc_peering,278
1788752400279000000,188.11,1,vpc_peering,279
1788752400280000000,164.5,1,vpc_peering,280
1788752400281000000,199.79,1,vpc_peering,281
1788752400282000000,168.04,1,vpc_peering,282
1788752400283000000,167.86,1,vpc_peering,283
1788752400284000000,185.21,1,vpc_peering,284
1788752400285000000,179.82,1,vpc_peering,285
1788752400286000000,167.97,1,vpc_peering,286
1788752400287000000,167.38,1,vpc_peering,287
1788752400288000000,187.16,1,vpc_peering,288
1788752400289000000,160.56,1,vpc_peering,289
1788752400290000000,184.27,1,vpc_peering,290
1788752400291000000,180.12,1,vpc_peering,291
1788752400292000000,160.91,1,vpc_peering,292
1788752400293000000,169.91,1,vpc_peering,293
1788752400294000000,181.57,1,vpc_peering,294
1788752400295000000,154.7,1,vpc_peering,295
1788752400296000000,158.68,1,vpc_peering,296
1788752400297000000,181.81,1,vpc_peering,297
1788752400298000000,162.89,1,vpc_peering,298
1788752400299000000,180.27,1,vpc_peering,299
1788752400300000000,159.39,1,vpc_peering,300
1788752400301000000,159.21,1,vpc_peering,301
1788752400302000000,150.33,1,vpc_peering,302
1788752400303000000,157.39,1,vpc_peering,303
1788752400304000000,166.06,1,vpc_peering,304
1788752400305000000,191.13,1,vpc_peering,305
1788752400306000000,170.74,1,vpc_peering,306
1788752400307000000,163.28,1,vpc_peering,307
1788752400308000000,151.15,1,vpc_peering,308
1788752400309000000,168.02,1,vpc_peering,309
1788752400310000000,163.67,1,vpc_peering,310
1788752400311000000,183.09,1,vpc_peering,311
1788752400312000000,148.21,1,vpc_peering,312
1788752400313000000,180.08,1,vpc_peering,313
1788752400314000000,149.71,1,vpc_peering,314
1788752400315000000,173.11,1,vpc_peering,315
1788752400316000000,196.16,1,vpc_peering,316
1788752400317000000,184.24,1,vpc_peering,317
1788752400318000000,182.99,1,vpc_peering,318
1788752400319000000,148.79,1,vpc_peering,319
1788752400320000000,153.85,1,vpc_peering,320
1788752400321000000,172.8,1,vpc_peering,321
1788752400322000000,175.48,1,vpc_peering,322
1788752400323000000,182.47,1,vpc_peering,323
1788752400324000000,159.03,1,vpc_peering,324
1788752400325000000,166.32,1,vpc_peering,325
1788752400326000000,175.84,1,vpc_peering,326
1788752400327000000,174.32,1,vpc_peering,327
1788752400328000000,188.56,1,vpc_peering,328
1788752400329000000,169.94,1,vpc_peering,329
1788752400330000000,181.42,1,vpc_peering,330
1788752400331000000,165.07,1,vpc_peering,331
1788752400332000000,191.85,1,vpc_peering,332
1788752400333000000,135.81,1,vpc_peering,333
1788752400334000000,179.96,1,vpc_peering,334
1788752400335000000,164.38,1,vpc_peering,335
1788752400336000000,160.09,1,vpc_peering,336
1788752400337000000,196.95,1,vpc_peering,337
1788752400338000000,163.55,1,vpc_peering,338
1788752400339000000,208.53,1,vpc_peering,339
1788752400340000000,184.59,1,vpc_peering,340
1788752400341000000,173.99,1,vpc_peering,341
1788752400342000000,178.93,1,vpc_peering,342
1788752400343000000,152.17,1,vpc_peering,343
1788752400344000000,157.49,1,vpc_peering,344
1788752400345000000,176.25,1,vpc_peering,345
1788752400346000000,177.67,1,vpc_peering,346
1788752400347000000,185.51,1,vpc_peering,347
1788752400348000000,167.66,1,vpc_peering,348
1788752400349000000,181.14,1,vpc_peering,349
1788752400350000000,172.83,1,vpc_peering,350
1788752400351000000,160.44,1,vpc_peering,351
1788752400352000000,177.13,1,vpc_peering,352
1788752400353000000,171.85,1,vpc_peering,353
1788752400354000000,148.78,1,vpc_peering,354
1788752400355000000,169.59,1,vpc_peering,355
1788752400356000000,153.03,1,vpc_peering,356
1788752400357000000,138.34,1,vpc_peering,357
1788752400358000000,164.35,1,vpc_peering,358
1788752400359000000,165.71,1,vpc_peering,359
1788752400360000000,175.2,1,vpc_peering,360
1788752400361000000,198.61,1,vpc_peering,361
1788752400362000000,187.57,1,vpc_peering,362
1788752400363000000,170.51,1,vpc_peering,363
1788752400364000000,171.73,1,vpc_peering,364
1788752400365000000,177.63,1,vpc_peering,365
1788752400366000000,161.48,1,vpc_peering,366
1788752400367000000,169.13,1,vpc_peering,367
1788752400368000000,161.43,1,vpc_peering,368
1788752400369000000,177.08,1,vpc_peering,369
1788752400370000000,157.98,1,vpc_peering,370
1788752400371000000,162.33,1,vpc_peering,371
1788752400372000000,163.87,1,vpc_peering,372
1788752400373000000,183.61,1,vpc_peering,373
1788752400374000000,204.89,1,vpc_peering,374
1788752400375000000,161.55,1,vpc_peering,375
1788752400376000000,171.65,1,vpc_peering,376
1788752400377000000,161.29,1,vpc_peering,377
1788752400378000000,163.75,1,vpc_peering,378
1788752400379000000,154.11,1,vpc_peering,379
1788752400380000000,191.06,1,vpc_peering,380
1788752400381000000,178.49,1,vpc_peering,381
1788752400382000000,190.87,1,vpc_peering,382
1788752400383000000,163.81,1,vpc_peering,383
1788752400384000000,162.8,1,vpc_peering,384
1788752400385000000,157.04,1,vpc_peering,385
1788752400386000000,185.28,1,vpc_peering,386
1788752400387000000,159.59,1,vpc_peering,387
1788752400388000000,159.03,1,vpc_peering,388
1788752400389000000,180.81,1,vpc_peering,389
1788752400390000000,161.6,1,vpc_peering,390
1788752400391000000,175.31,1,vpc_peering,391
1788752400392000000,159.55,1,vpc_peering,392
1788752400393000000,170.21,1,vpc_peering,393
1788752400394000000,178.59,1,vpc_peering,394
1788752400395000000,158.41,1,vpc_peering,395
1788752400396000000,183.28,1,vpc_peering,396
1788752400397000000,171.76,1,vpc_peering,397
1788752400398000000,172.38,1,vpc_peering,398
1788752400399000000,179.52,1,vpc_peering,399
1788752400400000000,165.4,1,vpc_peering,400
1788752400401000000,171.58,1,vpc_peering,401
1788752400402000000,161.9,1,vpc_peering,402
1788752400403000000,158.43,1,vpc_peering,403
1788752400404000000,183.68,1,vpc_peering,404
1788752400405000000,181.68,1,vpc_peering,405
1788752400406000000,162.6,1,vpc_peering,406
1788752400407000000,181.7,1,vpc_peering,407
1788752400408000000,185.13,1,vpc_peering,408
1788752400409000000,189.06,1,vpc_peering,409
1788752400410000000,196.54,1,vpc_peering,410
1788752400411000000,165.84,1,vpc_peering,411
1788752400412000000,170.06,1,vpc_peering,412
1788752400413000000,186.35,1,vpc_peering,413
1788752400414000000,178.05,1,vpc_peering,414
1788752400415000000,197.28,1,vpc_peering,415
1788752400416000000,152.82,1,vpc_peering,416
1788752400417000000,161.12,1,vpc_peering,417
1788752400418000000,170.59,1,vpc_peering,418
1788752400419000000,176.46,1,vpc_peering,419
1788752400420000000,160.13,1,vpc_peering,420
1788752400421000000,183.65,1,vpc_peering,421
1788752400422000000,180.46,1,vpc_peering,422
1788752400423000000,180.68,1,vpc_peering,423
1788752400424000000,178.58,1,vpc_peering,424
1788752400425000000,160.06,1,vpc_peering,425
1788752400426000000,163.54,1,vpc_peering,426
1788752400427000000,140.99,1,vpc_peering,427
1788752400428000000,156.21,1,vpc_peering,428
1788752400429000000,148.56,1,vpc_peering,429
1788752400430000000,178.41,1,vpc_peering,430
1788752400431000000,180.89,1,vpc_peering,431
1788752400432000000,167.18,1,vpc_peering,432
1788752400433000000,174.01,1,vpc_peering,433
1788752400434000000,177.38,1,vpc_peering,434
1788752400435000000,179.33,1,vpc_peering,435
1788752400436000000,160.04,1,vpc_peering,436
1788752400437000000,189.21,1,vpc_peering,437
1788752400438000000,176.29,1,vpc_peering,438
1788752400439000000,174.74,1,vpc_peering,439
1788752400440000000,179.83,1,vpc_peering,440
1788752400441000000,162.35,1,vpc_peering,441
1788752400442000000,197.86,1,vpc_peering,442
1788752400443000000,135.35,1,vpc_peering,443
1788752400444000000,171.46,1,vpc_peering,444
1788752400445000000,186.56,1,vpc_peering,445
1788752400446000000,171.42,1,vpc_peering,446
1788752400447000000,170.97,1,vpc_peering,447
1788752400448000000,161.5,1,vpc_peering,448
1788752400449000000,175.25,1,vpc_peering,449
1788752400450000000,197.35,1,vpc_peering,450
1788752400451000000,161.55,1,vpc_peering,451
1788752400452000000,170.37,1,vpc_peering,452
1788752400453000000,170.85,1,vpc_peering,453
1788752400454000000,196.98,1,vpc_peering,454
1788752400455000000,179.42,1,vpc_peering,455
1788752400456000000,155.0,1,vpc_peering,456
1788752400457000000,179.01,1,vpc_peering,457
1788752400458000000,177.46,1,vpc_peering,458
1788752400459000000,183.03,1,vpc_peering,459
1788752400460000000,175.21,1,vpc_peering,460
1788752400461000000,190.41,1,vpc_peering,461
1788752400462000000,166.17,1,vpc_peering,462
1788752400463000000,170.5,1,vpc_peering,463
1788752400464000000,161.45,1,vpc_peering,464
1788752400465000000,189.19,1,vpc_peering,465
1788752400466000000,197.59,1,vpc_peering,466
1788752400467000000,174.33,1,vpc_peering,467
1788752400468000000,180.62,1,vpc_peering,468
1788752400469000000,168.64,1,vpc_peering,469
1788752400470000000,160.65,1,vpc_peering,470
1788752400471000000,193.5,1,vpc_peering,471
1788752400472000000,157.38,1,vpc_peering,472
1788752400473000000,169.82,1,vpc_peering,473
1788752400474000000,158.57,1,vpc_peering,474
1788752400475000000,185.43,1,vpc_peering,475
1788752400476000000,167.46,1,vpc_peering,476
1788752400477000000,140.97,1,vpc_peering,477
1788752400478000000,176.3,1,vpc_peering,478
1788752400479000000,161.57,1,vpc_peering,479
1788752400480000000,157.57,1,vpc_peering,480
1788752400481000000,167.84,1,vpc_peering,481
1788752400482000000,166.01,1,vpc_peering,482
1788752400483000000,185.83,1,vpc_peering,483
1788752400484000000,186.25,1,vpc_peering,484
1788752400485000000,180.52,1,vpc_peering,485
1788752400486000000,181.22,1,vpc_peering,486
1788752400487000000,139.06,1,vpc_peering,487
1788752400488000000,156.09,1,vpc_peering,488
1788752400489000000,180.35,1,vpc_peering,489
1788752400490000000,181.95,1,vpc_peering,490
1788752400491000000,187.35,1,vpc_peering,491
1788752400492000000,157.52,1,vpc_peering,492
1788752400493000000,190.63,1,vpc_peering,493
1788752400494000000,145.44,1,vpc_peering,494
1788752400495000000,171.26,1,vpc_peering,495
1788752400496000000,166.06,1,vpc_peering,496
1788752400497000000,171.67,1,vpc_peering,497
1788752400498000000,170.48,1,vpc_peering,498
1788752400499000000,154.99,1,vpc_peering,499
1788752400500000000,166.37,1,vpc_peering,500
1788752400501000000,189.75,1,vpc_peering,501
1788752400502000000,172.43,1,vpc_peering,502
1788752400503000000,190.34,1,vpc_peering,503
1788752400504000000,177.39,1,vpc_peering,504
1788752400505000000,155.1,1,vpc_peering,505
1788752400506000000,181.88,1,vpc_peering,506
1788752400507000000,171.61,1,vpc_peering,507
1788752400508000000,163.35,1,vpc_peering,508
1788752400509000000,155.53,1,vpc_peering,509
1788752400510000000,172.41,1,vpc_peering,510
1788752400511000000,157.02,1,vpc_peering,511
1788752400512000000,187.44,1,vpc_peering,512
1788752400513000000,173.2,1,vpc_peering,513
1788752400514000000,163.53,1,vpc_peering,514
1788752400515000000,189.47,1,vpc_peering,515
1788752400516000000,149.61,1,vpc_peering,516
1788752400517000000,160.94,1,vpc_peering,517
1788752400518000000,172.92,1,vpc_peering,518
1788752400519000000,177.02,1,vpc_peering,519
1788752400520000000,185.12,1,vpc_peering,520
1788752400521000000,182.49,1,vpc_peering,521
1788752400522000000,158.77,1,vpc_peering,522
1788752400523000000,169.32,1,vpc_peering,523
1788752400524000000,197.33,1,vpc_peering,524
1788752400525000000,195.47,1,vpc_peering,525
1788752400526000000,167.08,1,vpc_peering,526
1788752400527000000,181.53,1,vpc_peering,527
1788752400528000000,148.12,1,vpc_peering,528
1788752400529000000,163.46,1,vpc_peering,529
1788752400530000000,174.42,1,vpc_peering,530
1788752400531000000,167.22,1,vpc_peering,531
1788752400532000000,163.54,1,vpc_peering,532
1788752400533000000,186.77,1,vpc_peering,533
1788752400534000000,176.21,1,vpc_peering,534
1788752400535000000,166.99,1,vpc_peering,535
1788752400536000000,143.7,1,vpc_peering,536
1788752400537000000,163.56,1,vpc_peering,537
1788752400538000000,148.07,1,vpc_peering,538
1788752400539000000,161.98,1,vpc_peering,539
1788752400540000000,160.6,1,vpc_peering,540
1788752400541000000,177.66,1,vpc_peering,541
1788752400542000000,167.32,1,vpc_peering,542
1788752400543000000,175.25,1,vpc_peering,543
1788752400544000000,186.8,1,vpc_peering,544
1788752400545000000,189.97,1,vpc_peering,545
1788752400546000000,170.65,1,vpc_peering,546
1788752400547000000,182.91,1,vpc_peering,547
1788752400548000000,178.65,1,vpc_peering,548
1788752400549000000,174.66,1,vpc_peering,549
1788752400550000000,153.95,1,vpc_peering,550
1788752400551000000,199.37,1,vpc_peering,551
1788752400552000000,181.26,1,vpc_peering,552
1788752400553000000,182.02,1,vpc_peering,553
1788752400554000000,182.47,1,vpc_peering,554
1788752400555000000,158.37,1,vpc_peering,555
1788752400556000000,171.23,1,vpc_peering,556
1788752400557000000,162.4,1,vpc_peering,557
1788752400558000000,158.35,1,vpc_peering,558
1788752400559000000,169.17,1,vpc_peering,559
1788752400560000000,171.05,1,vpc_peering,560
1788752400561000000,159.68,1,vpc_peering,561
1788752400562000000,191.74,1,vpc_peering,562
1788752400563000000,154.83,1,vpc_peering,563
1788752400564000000,184.34,1,vpc_peering,564
1788752400565000000,181.29,1,vpc_peering,565
1788752400566000000,170.7,1,vpc_peering,566
1788752400567000000,171.56,1,vpc_peering,567
1788752400568000000,160.19,1,vpc_peering,568
1788752400569000000,182.33,1,vpc_peering,569
1788752400570000000,160.79,1,vpc_peering,570
1788752400571000000,158.87,1,vpc_peering,571
1788752400572000000,175.07,1,vpc_peering,572
1788752400573000000,153.73,1,vpc_peering,573
1788752400574000000,182.44,1,vpc_peering,574
1788752400575000000,171.21,1,vpc_peering,575
1788752400576000000,192.66,1,vpc_peering,576
1788752400577000000,159.66,1,vpc_peering,577
1788752400578000000,160.23,1,vpc_peering,578
1788752400579000000,180.52,1,vpc_peering,579
1788752400580000000,150.98,1,vpc_peering,580
1788752400581000000,146.24,1,vpc_peering,581
1788752400582000000,199.94,1,vpc_peering,582
1788752400583000000,157.51,1,vpc_peering,583
1788752400584000000,154.09,1,vpc_peering,584
1788752400585000000,191.02,1,vpc_peering,585
1788752400586000000,158.61,1,vpc_peering,586
1788752400587000000,161.41,1,vpc_peering,587
1788752400588000000,161.03,1,vpc_peering,588
1788752400589000000,159.88,1,vpc_peering,589
1788752400590000000,179.5,1,vpc_peering,590
1788752400591000000,179.75,1,vpc_peering,591
1788752400592000000,152.78,1,vpc_peering,592
1788752400593000000,179.37,1,vpc_peering,593
1788752400594000000,167.33,1,vpc_peering,594
1788752400595000000,186.79,1,vpc_peering,595
1788752400596000000,162.72,1,vpc_peering,596
1788752400597000000,179.0,1,vpc_peering,597
1788752400598000000,181.05,1,vpc_peering,598
1788752400599000000,153.38,1,vpc_peering,599
1788752400600000000,168.53,1,vpc_peering,600
1788752400601000000,177.27,1,vpc_peering,601
1788752400602000000,161.56,1,vpc_peering,602
1788752400603000000,149.24,1,vpc_peering,603
1788752400604000000,167.21,1,vpc_peering,604
1788752400605000000,184.53,1,vpc_peering,605
1788752400606000000,194.19,1,vpc_peering,606
1788752400607000000,150.15,1,vpc_peering,607
1788752400608000000,185.34,1,vpc_peering,608
1788752400609000000,178.19,1,vpc_peering,609
1788752400610000000,189.38,1,vpc_peering,610
1788752400611000000,172.17,1,vpc_peering,611
1788752400612000000,159.58,1,vpc_peering,612
1788752400613000000,175.62,1,vpc_peering,613
1788752400614000000,182.66,1,vpc_peering,614
1788752400615000000,179.64,1,vpc_peering,615
1788752400616000000,180.14,1,vpc_peering,616
1788752400617000000,153.49,1,vpc_peering,617
1788752400618000000,166.85,1,vpc_peering,618
1788752400619000000,179.82,1,vpc_peering,619
1788752400620000000,182.9,1,vpc_peering,620
1788752400621000000,166.56,1,vpc_peering,621
1788752400622000000,175.19,1,vpc_peering,622
1788752400623000000,164.06,1,vpc_peering,623
1788752400624000000,140.97,1,vpc_peering,624
1788752400625000000,170.63,1,vpc_peering,625
1788752400626000000,176.63,1,vpc_peering,626
1788752400627000000,182.61,1,vpc_peering,627
1788752400628000000,136.82,1,vpc_peering,628
1788752400629000000,189.93,1,vpc_peering,629
1788752400630000000,191.31,1,vpc_peering,630
1788752400631000000,163.41,1,vpc_peering,631
1788752400632000000,174.63,1,vpc_peering,632
1788752400633000000,173.83,1,vpc_peering,633
1788752400634000000,154.03,1,vpc_peering,634
1788752400635000000,176.94,1,vpc_peering,635
1788752400636000000,192.48,1,vpc_peering,636
1788752400637000000,202.27,1,vpc_peering,637
1788752400638000000,153.77,1,vpc_peering,638
1788752400639000000,167.72,1,vpc_peering,639
1788752400640000000,163.99,1,vpc_peering,640
1788752400641000000,167.93,1,vpc_peering,641
1788752400642000000,176.84,1,vpc_peering,642
1788752400643000000,176.17,1,vpc_peering,643
1788752400644000000,180.19,1,vpc_peering,644
1788752400645000000,172.41,1,vpc_peering,645
1788752400646000000,183.39,1,vpc_peering,646
1788752400647000000,175.15,1,vpc_peering,647
1788752400648000000,167.83,1,vpc_peering,648
1788752400649000000,166.55,1,vpc_peering,649
1788752400650000000,195.51,1,vpc_peering,650
1788752400651000000,163.76,1,vpc_peering,651
1788752400652000000,165.08,1,vpc_peering,652
1788752400653000000,170.84,1,vpc_peering,653
1788752400654000000,165.31,1,vpc_peering,654
1788752400655000000,176.41,1,vpc_peering,655
1788752400656000000,184.71,1,vpc_peering,656
1788752400657000000,180.0,1,vpc_peering,657
1788752400658000000,167.72,1,vpc_peering,658
1788752400659000000,148.07,1,vpc_peering,659
1788752400660000000,156.9,1,vpc_peering,660
1788752400661000000,166.46,1,vpc_peering,661
1788752400662000000,194.19,1,vpc_peering,662
1788752400663000000,183.77,1,vpc_peering,663
1788752400664000000,152.08,1,vpc_peering,664
1788752400665000000,178.88,1,vpc_peering,665
1788752400666000000,151.7,1,vpc_peering,666
1788752400667000000,181.39,1,vpc_peering,667
1788752400668000000,166.7,1,vpc_peering,668
1788752400669000000,172.49,1,vpc_peering,669
1788752400670000000,184.73,1,vpc_peering,670
1788752400671000000,177.84,1,vpc_peering,671
1788752400672000000,156.85,1,vpc_peering,672
1788752400673000000,163.13,1,vpc_peering,673
1788752400674000000,158.01,1,vpc_peering,674
1788752400675000000,183.93,1,vpc_peering,675
1788752400676000000,167.04,1,vpc_peering,676
1788752400677000000,160.98,1,vpc_peering,677
1788752400678000000,163.9,1,vpc_peering,678
1788752400679000000,148.18,1,vpc_peering,679
1788752400680000000,177.53,1,vpc_peering,680
1788752400681000000,173.59,1,vpc_peering,681
1788752400682000000,178.52,1,vpc_peering,682
1788752400683000000,184.64,1,vpc_peering,683
1788752400684000000,173.92,1,vpc_peering,684
1788752400685000000,165.62,1,vpc_peering,685
1788752400686000000,162.08,1,vpc_peering,686
1788752400687000000,165.67,1,vpc_peering,687
1788752400688000000,172.49,1,vpc_peering,688
1788752400689000000,195.78,1,vpc_peering,689
1788752400690000000,180.79,1,vpc_peering,690
1788752400691000000,171.88,1,vpc_peering,691
1788752400692000000,172.79,1,vpc_peering,692
1788752400693000000,178.3,1,vpc_peering,693
1788752400694000000,166.78,1,vpc_peering,694
1788752400695000000,177.31,1,vpc_peering,695
1788752400696000000,166.16,1,vpc_peering,696
1788752400697000000,158.2,1,vpc_peering,697
1788752400698000000,167.39,1,vpc_peering,698
1788752400699000000,186.35,1,vpc_peering,699
1788752400700000000,166.3,1,vpc_peering,700
1788752400701000000,168.14,1,vpc_peering,701
1788752400702000000,147.54,1,vpc_peering,702
1788752400703000000,168.45,1,vpc_peering,703
1788752400704000000,156.84,1,vpc_peering,704
1788752400705000000,182.11,1,vpc_peering,705
1788752400706000000,171.19,1,vpc_peering,706
1788752400707000000,156.59,1,vpc_peering,707
1788752400708000000,181.94,1,vpc_peering,708
1788752400709000000,169.72,1,vpc_peering,709
1788752400710000000,176.67,1,vpc_peering,710
1788752400711000000,180.54,1,vpc_peering,711
1788752400712000000,150.01,1,vpc_peering,712
1788752400713000000,187.8,1,vpc_peering,713
1788752400714000000,175.3,1,vpc_peering,714
1788752400715000000,186.38,1,vpc_peering,715
1788752400716000000,153.75,1,vpc_peering,716
1788752400717000000,172.25,1,vpc_peering,717
1788752400718000000,154.5,1,vpc_peering,718
1788752400719000000,169.92,1,vpc_peering,719
1788752400720000000,189.68,1,vpc_peering,720
1788752400721000000,151.11,1,vpc_peering,721
1788752400722000000,182.65,1,vpc_peering,722
1788752400723000000,194.65,1,vpc_peering,723
1788752400724000000,187.67,1,vpc_peering,724
1788752400725000000,177.45,1,vpc_peering,725
1788752400726000000,174.25,1,vpc_peering,726
1788752400727000000,171.39,1,vpc_peering,727
1788752400728000000,168.53,1,vpc_peering,728
1788752400729000000,170.85,1,vpc_peering,729
1788752400730000000,165.77,1,vpc_peering,730
1788752400731000000,144.25,1,vpc_peering,731
1788752400732000000,167.68,1,vpc_peering,732
1788752400733000000,199.25,1,vpc_peering,733
1788752400734000000,198.06,1,vpc_peering,734
1788752400735000000,142.91,1,vpc_peering,735
1788752400736000000,187.74,1,vpc_peering,736
1788752400737000000,180.94,1,vpc_peering,737
1788752400738000000,176.46,1,vpc_peering,738
1788752400739000000,185.39,1,vpc_peering,739
1788752400740000000,198.32,1,vpc_peering,740
1788752400741000000,195.94,1,vpc_peering,741
1788752400742000000,179.02,1,vpc_peering,742
1788752400743000000,159.35,1,vpc_peering,743
1788752400744000000,173.65,1,vpc_peering,744
1788752400745000000,146.4,1,vpc_peering,745
1788752400746000000,144.35,1,vpc_peering,746
1788752400747000000,178.98,1,vpc_peering,747
1788752400748000000,176.43,1,vpc_peering,748
1788752400749000000,157.02,1,vpc_peering,749
1788752400750000000,185.47,1,vpc_peering,750
1788752400751000000,158.24,1,vpc_peering,751
1788752400752000000,179.47,1,vpc_peering,752
1788752400753000000,160.33,1,vpc_peering,753
1788752400754000000,165.46,1,vpc_peering,754
1788752400755000000,175.79,1,vpc_peering,755
1788752400756000000,189.39,1,vpc_peering,756
1788752400757000000,177.28,1,vpc_peering,757
1788752400758000000,174.95,1,vpc_peering,758
1788752400759000000,145.21,1,vpc_peering,759
1788752400760000000,179.25,1,vpc_peering,760
1788752400761000000,179.13,1,vpc_peering,761
1788752400762000000,154.87,1,vpc_peering,762
1788752400763000000,153.66,1,vpc_peering,763
1788752400764000000,178.74,1,vpc_peering,764
1788752400765000000,164.29,1,vpc_peering,765
1788752400766000000,199.94,1,vpc_peering,766
1788752400767000000,155.21,1,vpc_peering,767
1788752400768000000,165.23,1,vpc_peering,768
1788752400769000000,164.87,1,vpc_peering,769
1788752400770000000,168.18,1,vpc_peering,770
1788752400771000000,149.2,1,vpc_peering,771
1788752400772000000,157.85,1,vpc_peering,772
1788752400773000000,182.61,1,vpc_peering,773
1788752400774000000,170.5,1,vpc_peering,774
1788752400775000000,151.72,1,vpc_peering,775
1788752400776000000,163.1,1,vpc_peering,776
1788752400777000000,171.97,1,vpc_peering,777
1788752400778000000,178.82,1,vpc_peering,778
1788752400779000000,191.08,1,vpc_peering,779
1788752400780000000,183.78,1,vpc_peering,780
1788752400781000000,182.44,1,vpc_peering,781
1788752400782000000,165.82,1,vpc_peering,782
1788752400783000000,176.7,1,vpc_peering,783
1788752400784000000,158.56,1,vpc_peering,784
1788752400785000000,185.43,1,vpc_peering,785
1788752400786000000,171.62,1,vpc_peering,786
1788752400787000000,152.08,1,vpc_peering,787
1788752400788000000,172.48,1,vpc_peering,788
1788752400789000000,162.02,1,vpc_peering,789
1788752400790000000,192.49,1,vpc_peering,790
1788752400791000000,142.86,1,vpc_peering,791
1788752400792000000,174.48,1,vpc_peering,792
1788752400793000000,143.3,1,vpc_peering,793
1788752400794000000,152.49,1,vpc_peering,794
1788752400795000000,167.95,1,vpc_peering,795
1788752400796000000,178.19,1,vpc_peering,796
1788752400797000000,157.53,1,vpc_peering,797
1788752400798000000,179.95,1,vpc_peering,798
1788752400799000000,171.72,1,vpc_peering,799
1788752400800000000,151.9,1,vpc_peering,800
1788752400801000000,174.45,1,vpc_peering,801
1788752400802000000,161.88,1,vpc_peering,802
1788752400803000000,199.83,1,vpc_peering,803
1788752400804000000,160.54,1,vpc_peering,804
1788752400805000000,182.43,1,vpc_peering,805
1788752400806000000,178.83,1,vpc_peering,806
1788752400807000000,169.57,1,vpc_peering,807
1788752400808000000,168.36,1,vpc_peering,808
1788752400809000000,151.04,1,vpc_peering,809
1788752400810000000,164.33,1,vpc_peering,810
1788752400811000000,180.13,1,vpc_peering,811
1788752400812000000,176.26,1,vpc_peering,812
1788752400813000000,139.49,1,vpc_peering,813
1788752400814000000,172.6,1,vpc_peering,814
1788752400815000000,171.82,1,vpc_peering,815
1788752400816000000,186.09,1,vpc_peering,816
1788752400817000000,182.15,1,vpc_peering,817
1788752400818000000,167.65,1,vpc_peering,818
1788752400819000000,167.75,1,vpc_peering,819
1788752400820000000,143.87,1,vpc_peering,820
1788752400821000000,167.39,1,vpc_peering,821
1788752400822000000,174.22,1,vpc_peering,822
1788752400823000000,157.16,1,vpc_peering,823
1788752400824000000,162.83,1,vpc_peering,824
1788752400825000000,157.75,1,vpc_peering,825
1788752400826000000,187.96,1,vpc_peering,826
1788752400827000000,195.78,1,vpc_peering,827
1788752400828000000,183.63,1,vpc_peering,828
1788752400829000000,182.65,1,vpc_peering,829
1788752400830000000,185.64,1,vpc_peering,830
1788752400831000000,184.23,1,vpc_peering,831
1788752400832000000,148.84,1,vpc_peering,832
1788752400833000000,151.72,1,vpc_peering,833
1788752400834000000,198.18,1,vpc_peering,834
1788752400835000000,158.47,1,vpc_peering,835
1788752400836000000,189.01,1,vpc_peering,836
1788752400837000000,179.86,1,vpc_peering,837
1788752400838000000,162.72,1,vpc_peering,838
1788752400839000000,174.79,1,vpc_peering,839
1788752400840000000,154.01,1,vpc_peering,840
1788752400841000000,183.0,1,vpc_peering,841
1788752400842000000,141.6,1,vpc_peering,842
1788752400843000000,162.98,1,vpc_peering,843
1788752400844000000,144.22,1,vpc_peering,844
1788752400845000000,189.02,1,vpc_peering,845
1788752400846000000,173.36,1,vpc_peering,846
1788752400847000000,189.21,1,vpc_peering,847
1788752400848000000,175.12,1,vpc_peering,848
1788752400849000000,185.78,1,vpc_peering,849
1788752400850000000,173.74,1,vpc_peering,850
1788752400851000000,162.99,1,vpc_peering,851
1788752400852000000,184.13,1,vpc_peering,852
1788752400853000000,173.7,1,vpc_peering,853
1788752400854000000,178.59,1,vpc_peering,854
1788752400855000000,184.29,1,vpc_peering,855
1788752400856000000,158.3,1,vpc_peering,856
1788752400857000000,160.19,1,vpc_peering,857
1788752400858000000,189.71,1,vpc_peering,858
1788752400859000000,174.34,1,vpc_peering,859
1788752400860000000,170.75,1,vpc_peering,860
1788752400861000000,180.25,1,vpc_peering,861
1788752400862000000,195.88,1,vpc_peering,862
1788752400863000000,174.91,1,vpc_peering,863
1788752400864000000,198.3,1,vpc_peering,864
1788752400865000000,173.12,1,vpc_peering,865
1788752400866000000,159.02,1,vpc_peering,866
1788752400867000000,184.82,1,vpc_peering,867
1788752400868000000,176.72,1,vpc_peering,868
1788752400869000000,168.75,1,vpc_peering,869
1788752400870000000,189.93,1,vpc_peering,870
1788752400871000000,194.26,1,vpc_peering,871
1788752400872000000,169.95,1,vpc_peering,872
1788752400873000000,158.41,1,vpc_peering,873
1788752400874000000,182.87,1,vpc_peering,874
1788752400875000000,176.99,1,vpc_peering,875
1788752400876000000,182.81,1,vpc_peering,876
1788752400877000000,183.05,1,vpc_peering,877
1788752400878000000,184.54,1,vpc_peering,878
1788752400879000000,163.26,1,vpc_peering,879
1788752400880000000,152.45,1,vpc_peering,880
1788752400881000000,176.69,1,vpc_peering,881
1788752400882000000,179.95,1,vpc_peering,882
1788752400883000000,168.45,1,vpc_peering,883
1788752400884000000,188.96,1,vpc_peering,884
1788752400885000000,185.9,1,vpc_peering,885
1788752400886000000,151.02,1,vpc_peering,886
1788752400887000000,141.23,1,vpc_peering,887
1788752400888000000,164.37,1,vpc_peering,888
1788752400889000000,163.1,1,vpc_peering,889
1788752400890000000,162.04,1,vpc_peering,890
1788752400891000000,151.87,1,vpc_peering,891
1788752400892000000,167.61,1,vpc_peering,892
1788752400893000000,198.15,1,vpc_peering,893
1788752400894000000,159.97,1,vpc_peering,894
1788752400895000000,147.38,1,vpc_peering,895
1788752400896000000,161.85,1,vpc_peering,896
1788752400897000000,176.08,1,vpc_peering,897
1788752400898000000,191.07,1,vpc_peering,898
1788752400899000000,177.76,1,vpc_peering,899
1788752400900000000,176.39,1,vpc_peering,900
1788752400901000000,182.57,1,vpc_peering,901
1788752400902000000,159.85,1,vpc_peering,902
1788752400903000000,155.7,1,vpc_peering,903
1788752400904000000,178.87,1,vpc_peering,904
1788752400905000000,163.84,1,vpc_peering,905
1788752400906000000,169.55,1,vpc_peering,906
1788752400907000000,197.04,1,vpc_peering,907
1788752400908000000,188.05,1,vpc_peering,908
1788752400909000000,179.46,1,vpc_peering,909
1788752400910000000,172.95,1,vpc_peering,910
1788752400911000000,165.97,1,vpc_peering,911
1788752400912000000,151.2,1,vpc_peering,912
1788752400913000000,169.5,1,vpc_peering,913
1788752400914000000,202.24,1,vpc_peering,914
1788752400915000000,159.74,1,vpc_peering,915
1788752400916000000,182.41,1,vpc_peering,916
1788752400917000000,166.94,1,vpc_peering,917
1788752400918000000,171.33,1,vpc_peering,918
1788752400919000000,169.5,1,vpc_peering,919
1788752400920000000,168.55,1,vpc_peering,920
1788752400921000000,173.82,1,vpc_peering,921
1788752400922000000,175.89,1,vpc_peering,922
1788752400923000000,184.62,1,vpc_peering,923
1788752400924000000,171.09,1,vpc_peering,924
1788752400925000000,183.77,1,vpc_peering,925
1788752400926000000,163.16,1,vpc_peering,926
1788752400927000000,167.09,1,vpc_peering,927
1788752400928000000,179.88,1,vpc_peering,928
1788752400929000000,184.57,1,vpc_peering,929
1788752400930000000,171.42,1,vpc_peering,930
1788752400931000000,188.6,1,vpc_peering,931
1788752400932000000,178.07,1,vpc_peering,932
1788752400933000000,197.27,1,vpc_peering,933
1788752400934000000,149.97,1,vpc_peering,934
1788752400935000000,186.67,1,vpc_peering,935
1788752400936000000,172.94,1,vpc_peering,936
1788752400937000000,174.06,1,vpc_peering,937
1788752400938000000,167.2,1,vpc_peering,938
1788752400939000000,184.0,1,vpc_peering,939
1788752400940000000,189.52,1,vpc_peering,940
1788752400941000000,159.69,1,vpc_peering,941
1788752400942000000,164.32,1,vpc_peering,942
1788752400943000000,176.13,1,vpc_peering,943
1788752400944000000,185.07,1,vpc_peering,944
1788752400945000000,153.01,1,vpc_peering,945
1788752400946000000,175.74,1,vpc_peering,946
1788752400947000000,170.74,1,vpc_peering,947
1788752400948000000,177.24,1,vpc_peering,948
1788752400949000000,176.17,1,vpc_peering,949
1788752400950000000,137.54,1,vpc_peering,950
1788752400951000000,182.99,1,vpc_peering,951
1788752400952000000,189.93,1,vpc_peering,952
1788752400953000000,158.22,1,vpc_peering,953
1788752400954000000,133.04,1,vpc_peering,954
1788752400955000000,154.65,1,vpc_peering,955
1788752400956000000,193.3,1,vpc_peering,956
1788752400957000000,159.03,1,vpc_peering,957
1788752400958000000,186.5,1,vpc_peering,958
1788752400959000000,165.55,1,vpc_peering,959
1788752400960000000,173.93,1,vpc_peering,960
1788752400961000000,207.94,1,vpc_peering,961
1788752400962000000,184.79,1,vpc_peering,962
1788752400963000000,195.96,1,vpc_peering,963
1788752400964000000,168.32,1,vpc_peering,964
1788752400965000000,138.65,1,vpc_peering,965
1788752400966000000,155.6,1,vpc_peering,966
1788752400967000000,170.24,1,vpc_peering,967
1788752400968000000,153.31,1,vpc_peering,968
1788752400969000000,171.55,1,vpc_peering,969
1788752400970000000,169.66,1,vpc_peering,970
1788752400971000000,183.8,1,vpc_peering,971
1788752400972000000,168.2,1,vpc_peering,972
1788752400973000000,188.4,1,vpc_peering,973
1788752400974000000,199.05,1,vpc_peering,974
1788752400975000000,160.64,1,vpc_peering,975
1788752400976000000,170.98,1,vpc_peering,976
1788752400977000000,177.43,1,vpc_peering,977
1788752400978000000,169.76,1,vpc_peering,978
1788752400979000000,180.74,1,vpc_peering,979
1788752400980000000,178.23,1,vpc_peering,980
1788752400981000000,167.37,1,vpc_peering,981
1788752400982000000,153.16,1,vpc_peering,982
1788752400983000000,198.1,1,vpc_peering,983
1788752400984000000,169.86,1,vpc_peering,984
1788752400985000000,169.58,1,vpc_peering,985
1788752400986000000,195.62,1,vpc_peering,986
1788752400987000000,178.45,1,vpc_peering,987
1788752400988000000,175.59,1,vpc_peering,988
1788752400989000000,159.96,1,vpc_peering,989
1788752400990000000,155.79,1,vpc_peering,990
1788752400991000000,158.14,1,vpc_peering,991
1788752400992000000,184.42,1,vpc_peering,992
1788752400993000000,163.14,1,vpc_peering,993
1788752400994000000,189.95,1,vpc_peering,994
1788752400995000000,178.46,1,vpc_peering,995
1788752400996000000,194.67,1,vpc_peering,996
1788752400997000000,192.04,1,vpc_peering,997
1788752400998000000,179.92,1,vpc_peering,998
1788752400999000000,175.93,1,vpc_peering,999
1788752401000000000,154.0,1,vpc_peering,1000
1788752401001000000,765.25,1,transit_gateway,1
1788752401002000000,841.48,1,transit_gateway,2
1788752401003000000,856.57,1,transit_gateway,3
1788752401004000000,804.43,1,transit_gateway,4
1788752401005000000,948.11,1,transit_gateway,5
1788752401006000000,788.16,1,transit_gateway,6
1788752401007000000,864.18,1,transit_gateway,7
1788752401008000000,829.53,1,transit_gateway,8
1788752401009000000,656.81,1,transit_gateway,9
1788752401010000000,654.45,1,transit_gateway,10
1788752401011000000,798.6,1,transit_gateway,11
1788752401012000000,748.98,1,transit_gateway,12
1788752401013000000,799.14,1,transit_gateway,13
1788752401014000000,770.06,1,transit_gateway,14
1788752401015000000,858.42,1,transit_gateway,15
1788752401016000000,874.13,1,transit_gateway,16
1788752401017000000,905.52,1,transit_gateway,17
1788752401018000000,755.69,1,transit_gateway,18
1788752401019000000,903.73,1,transit_gateway,19
1788752401020000000,743.25,1,transit_gateway,20
1788752401021000000,852.12,1,transit_gateway,21
1788752401022000000,932.03,1,transit_gateway,22
1788752401023000000,764.04,1,transit_gateway,23
1788752401024000000,852.51,1,transit_gateway,24
1788752401025000000,882.08,1,transit_gateway,25
1788752401026000000,780.79,1,transit_gateway,26
1788752401027000000,831.2,1,transit_gateway,27
1788752401028000000,671.1,1,transit_gateway,28
1788752401029000000,836.52,1,transit_gateway,29
1788752401030000000,750.96,1,transit_gateway,30
1788752401031000000,846.27,1,transit_gateway,31
1788752401032000000,892.11,1,transit_gateway,32
1788752401033000000,928.82,1,transit_gateway,33
1788752401034000000,720.96,1,transit_gateway,34
1788752401035000000,887.38,1,transit_gateway,35
1788752401036000000,694.91,1,transit_gateway,36
1788752401037000000,747.23,1,transit_gateway,37
1788752401038000000,941.76,1,transit_gateway,38
1788752401039000000,874.69,1,transit_gateway,39
1788752401040000000,750.24,1,transit_gateway,40
1788752401041000000,847.27,1,transit_gateway,41
1788752401042000000,888.79,1,transit_gateway,42
1788752401043000000,806.44,1,transit_gateway,43
1788752401044000000,786.48,1,transit_gateway,44
1788752401045000000,743.01,1,transit_gateway,45
1788752401046000000,914.98,1,transit_gateway,46
1788752401047000000,778.87,1,transit_gateway,47
1788752401048000000,890.1,1,transit_gateway,48
1788752401049000000,849.85,1,transit_gateway,49
1788752401050000000,906.66,1,transit_gateway,50
1788752401051000000,747.85,1,transit_gateway,51
1788752401052000000,727.32,1,transit_gateway,52
1788752401053000000,894.88,1,transit_gateway,53
1788752401054000000,877.65,1,transit_gateway,54
1788752401055000000,718.96,1,transit_gateway,55
1788752401056000000,916.3,1,transit_gateway,56
1788752401057000000,759.13,1,transit_gateway,57
1788752401058000000,830.88,1,transit_gateway,58
1788752401059000000,810.78,1,transit_gateway,59
1788752401060000000,876.71,1,transit_gateway,60
1788752401061000000,875.45,1,transit_gateway,61
1788752401062000000,675.99,1,transit_gateway,62
1788752401063000000,849.46,1,transit_gateway,63
1788752401064000000,887.11,1,transit_gateway,64
1788752401065000000,805.13,1,transit_gateway,65
1788752401066000000,987.49,1,transit_gateway,66
1788752401067000000,769.95,1,transit_gateway,67
1788752401068000000,699.28,1,transit_gateway,68
1788752401069000000,819.73,1,transit_gateway,69
1788752401070000000,828.05,1,transit_gateway,70
1788752401071000000,805.17,1,transit_gateway,71
1788752401072000000,877.56,1,transit_gateway,72
1788752401073000000,740.85,1,transit_gateway,73
1788752401074000000,852.4,1,transit_gateway,74
1788752401075000000,788.9,1,transit_gateway,75
1788752401076000000,752.21,1,transit_gateway,76
1788752401077000000,784.97,1,transit_gateway,77
1788752401078000000,683.77,1,transit_gateway,78
1788752401079000000,764.4,1,transit_gateway,79
1788752401080000000,639.4,1,transit_gateway,80
1788752401081000000,787.81,1,transit_gateway,81
1788752401082000000,749.03,1,transit_gateway,82
1788752401083000000,824.67,1,transit_gateway,83
1788752401084000000,737.6,1,transit_gateway,84
1788752401085000000,797.93,1,transit_gateway,85
1788752401086000000,813.98,1,transit_gateway,86
1788752401087000000,769.12,1,transit_gateway,87
1788752401088000000,733.18,1,transit_gateway,88
1788752401089000000,778.68,1,transit_gateway,89
1788752401090000000,785.03,1,transit_gateway,90
1788752401091000000,860.24,1,transit_gateway,91
1788752401092000000,809.5,1,transit_gateway,92
1788752401093000000,872.67,1,transit_gateway,93
1788752401094000000,862.13,1,transit_gateway,94
1788752401095000000,772.06,1,transit_gateway,95
1788752401096000000,889.66,1,transit_gateway,96
1788752401097000000,811.94,1,transit_gateway,97
1788752401098000000,839.53,1,transit_gateway,98
1788752401099000000,833.33,1,transit_gateway,99
1788752401100000000,915.11,1,transit_gateway,100
1788752401101000000,686.02,1,transit_gateway,101
1788752401102000000,814.18,1,transit_gateway,102
1788752401103000000,864.64,1,transit_gateway,103
1788752401104000000,812.25,1,transit_gateway,104
1788752401105000000,740.78,1,transit_gateway,105
1788752401106000000,816.69,1,transit_gateway,106
1788752401107000000,842.37,1,transit_gateway,107
1788752401108000000,830.99,1,transit_gateway,108
1788752401109000000,855.32,1,transit_gateway,109
1788752401110000000,886.37,1,transit_gateway,110
1788752401111000000,655.67,1,transit_gateway,111
1788752401112000000,822.4,1,transit_gateway,112
1788752401113000000,781.26,1,transit_gateway,113
1788752401114000000,780.7,1,transit_gateway,114
1788752401115000000,920.71,1,transit_gateway,115
1788752401116000000,701.72,1,transit_gateway,116
1788752401117000000,754.56,1,transit_gateway,117
1788752401118000000,887.19,1,transit_gateway,118
1788752401119000000,747.95,1,transit_gateway,119
1788752401120000000,791.34,1,transit_gateway,120
1788752401121000000,811.15,1,transit_gateway,121
1788752401122000000,792.07,1,transit_gateway,122
1788752401123000000,909.9,1,transit_gateway,123
1788752401124000000,881.98,1,transit_gateway,124
1788752401125000000,768.3,1,transit_gateway,125
1788752401126000000,861.11,1,transit_gateway,126
1788752401127000000,856.88,1,transit_gateway,127
1788752401128000000,865.77,1,transit_gateway,128
1788752401129000000,755.4,1,transit_gateway,129
1788752401130000000,867.5,1,transit_gateway,130
1788752401131000000,804.68,1,transit_gateway,131
1788752401132000000,912.8,1,transit_gateway,132
1788752401133000000,723.0,1,transit_gateway,133
1788752401134000000,909.9,1,transit_gateway,134
1788752401135000000,820.86,1,transit_gateway,135
1788752401136000000,749.07,1,transit_gateway,136
1788752401137000000,805.17,1,transit_gateway,137
1788752401138000000,807.69,1,transit_gateway,138
1788752401139000000,932.66,1,transit_gateway,139
1788752401140000000,825.47,1,transit_gateway,140
1788752401141000000,723.5,1,transit_gateway,141
1788752401142000000,768.14,1,transit_gateway,142
1788752401143000000,823.27,1,transit_gateway,143
1788752401144000000,826.55,1,transit_gateway,144
1788752401145000000,788.33,1,transit_gateway,145
1788752401146000000,767.84,1,transit_gateway,146
1788752401147000000,779.42,1,transit_gateway,147
1788752401148000000,770.04,1,transit_gateway,148
1788752401149000000,684.32,1,transit_gateway,149
1788752401150000000,927.11,1,transit_gateway,150
1788752401151000000,817.34,1,transit_gateway,151
1788752401152000000,880.45,1,transit_gateway,152
1788752401153000000,878.73,1,transit_gateway,153
1788752401154000000,788.84,1,transit_gateway,154
1788752401155000000,762.59,1,transit_gateway,155
1788752401156000000,861.07,1,transit_gateway,156
1788752401157000000,829.16,1,transit_gateway,157
1788752401158000000,851.73,1,transit_gateway,158
1788752401159000000,743.27,1,transit_gateway,159
1788752401160000000,663.9,1,transit_gateway,160
1788752401161000000,794.97,1,transit_gateway,161
1788752401162000000,860.57,1,transit_gateway,162
1788752401163000000,891.68,1,transit_gateway,163
1788752401164000000,795.2,1,transit_gateway,164
1788752401165000000,837.74,1,transit_gateway,165
1788752401166000000,804.57,1,transit_gateway,166
1788752401167000000,695.01,1,transit_gateway,167
1788752401168000000,810.73,1,transit_gateway,168
1788752401169000000,754.15,1,transit_gateway,169
1788752401170000000,776.18,1,transit_gateway,170
1788752401171000000,701.77,1,transit_gateway,171
1788752401172000000,697.6,1,transit_gateway,172
1788752401173000000,913.41,1,transit_gateway,173
1788752401174000000,779.94,1,transit_gateway,174
1788752401175000000,913.12,1,transit_gateway,175
1788752401176000000,834.9,1,transit_gateway,176
1788752401177000000,856.17,1,transit_gateway,177
1788752401178000000,916.41,1,transit_gateway,178
1788752401179000000,852.65,1,transit_gateway,179
1788752401180000000,859.52,1,transit_gateway,180
1788752401181000000,982.3,1,transit_gateway,181
1788752401182000000,757.17,1,transit_gateway,182
1788752401183000000,821.85,1,transit_gateway,183
1788752401184000000,867.0,1,transit_gateway,184
1788752401185000000,781.83,1,transit_gateway,185
1788752401186000000,925.96,1,transit_gateway,186
1788752401187000000,690.06,1,transit_gateway,187
1788752401188000000,859.51,1,transit_gateway,188
1788752401189000000,684.48,1,transit_gateway,189
1788752401190000000,878.65,1,transit_gateway,190
1788752401191000000,659.33,1,transit_gateway,191
1788752401192000000,758.62,1,transit_gateway,192
1788752401193000000,857.3,1,transit_gateway,193
1788752401194000000,876.13,1,transit_gateway,194
1788752401195000000,838.13,1,transit_gateway,195
1788752401196000000,734.17,1,transit_gateway,196
1788752401197000000,811.63,1,transit_gateway,197
1788752401198000000,844.28,1,transit_gateway,198
1788752401199000000,854.01,1,transit_gateway,199
1788752401200000000,852.92,1,transit_gateway,200
1788752401201000000,883.23,1,transit_gateway,201
1788752401202000000,801.23,1,transit_gateway,202
1788752401203000000,753.01,1,transit_gateway,203
1788752401204000000,738.27,1,transit_gateway,204
1788752401205000000,784.95,1,transit_gateway,205
1788752401206000000,706.91,1,transit_gateway,206
1788752401207000000,772.35,1,transit_gateway,207
1788752401208000000,658.26,1,transit_gateway,208
1788752401209000000,827.69,1,transit_gateway,209
1788752401210000000,816.64,1,transit_gateway,210
1788752401211000000,705.16,1,transit_gateway,211
1788752401212000000,734.9,1,transit_gateway,212
1788752401213000000,764.57,1,transit_gateway,213
1788752401214000000,897.89,1,transit_gateway,214
1788752401215000000,776.72,1,transit_gateway,215
1788752401216000000,724.53,1,transit_gateway,216
1788752401217000000,786.75,1,transit_gateway,217
1788752401218000000,763.68,1,transit_gateway,218
1788752401219000000,871.69,1,transit_gateway,219
1788752401220000000,826.22,1,transit_gateway,220
1788752401221000000,792.27,1,transit_gateway,221
1788752401222000000,818.06,1,transit_gateway,222
1788752401223000000,883.45,1,transit_gateway,223
1788752401224000000,742.89,1,transit_gateway,224
1788752401225000000,881.39,1,transit_gateway,225
1788752401226000000,858.38,1,transit_gateway,226
1788752401227000000,908.43,1,transit_gateway,227
1788752401228000000,885.96,1,transit_gateway,228
1788752401229000000,805.03,1,transit_gateway,229
1788752401230000000,780.26,1,transit_gateway,230
1788752401231000000,809.35,1,transit_gateway,231
1788752401232000000,724.25,1,transit_gateway,232
1788752401233000000,842.02,1,transit_gateway,233
1788752401234000000,953.07,1,transit_gateway,234
1788752401235000000,726.3,1,transit_gateway,235
1788752401236000000,694.6,1,transit_gateway,236
1788752401237000000,785.06,1,transit_gateway,237
1788752401238000000,850.58,1,transit_gateway,238
1788752401239000000,841.3,1,transit_gateway,239
1788752401240000000,847.93,1,transit_gateway,240
1788752401241000000,848.13,1,transit_gateway,241
1788752401242000000,810.29,1,transit_gateway,242
1788752401243000000,793.31,1,transit_gateway,243
1788752401244000000,825.8,1,transit_gateway,244
1788752401245000000,827.87,1,transit_gateway,245
1788752401246000000,771.51,1,transit_gateway,246
1788752401247000000,806.05,1,transit_gateway,247
1788752401248000000,920.04,1,transit_gateway,248
1788752401249000000,738.51,1,transit_gateway,249
1788752401250000000,837.3,1,transit_gateway,250
1788752401251000000,881.39,1,transit_gateway,251
1788752401252000000,757.2,1,transit_gateway,252
1788752401253000000,831.95,1,transit_gateway,253
1788752401254000000,663.07,1,transit_gateway,254
1788752401255000000,879.59,1,transit_gateway,255
1788752401256000000,784.7,1,transit_gateway,256
1788752401257000000,833.41,1,transit_gateway,257
1788752401258000000,808.15,1,transit_gateway,258
1788752401259000000,743.75,1,transit_gateway,259
1788752401260000000,802.71,1,transit_gateway,260
1788752401261000000,825.71,1,transit_gateway,261
1788752401262000000,832.08,1,transit_gateway,262
1788752401263000000,791.19,1,transit_gateway,263
1788752401264000000,758.69,1,transit_gateway,264
1788752401265000000,948.15,1,transit_gateway,265
1788752401266000000,648.46,1,transit_gateway,266
1788752401267000000,841.41,1,transit_gateway,267
1788752401268000000,1015.69,1,transit_gateway,268
1788752401269000000,990.96,1,transit_gateway,269
1788752401270000000,788.66,1,transit_gateway,270
1788752401271000000,892.61,1,transit_gateway,271
1788752401272000000,863.96,1,transit_gateway,272
1788752401273000000,784.15,1,transit_gateway,273
1788752401274000000,777.59,1,transit_gateway,274
1788752401275000000,758.89,1,transit_gateway,275
1788752401276000000,802.65,1,transit_gateway,276
1788752401277000000,877.77,1,transit_gateway,277
1788752401278000000,847.02,1,transit_gateway,278
1788752401279000000,728.64,1,transit_gateway,279
1788752401280000000,800.9,1,transit_gateway,280
1788752401281000000,896.16,1,transit_gateway,281
1788752401282000000,839.9,1,transit_gateway,282
1788752401283000000,809.78,1,transit_gateway,283
1788752401284000000,734.27,1,transit_gateway,284
1788752401285000000,635.32,1,transit_gateway,285
1788752401286000000,757.98,1,transit_gateway,286
1788752401287000000,827.17,1,transit_gateway,287
1788752401288000000,828.65,1,transit_gateway,288
1788752401289000000,860.27,1,transit_gateway,289
1788752401290000000,780.83,1,transit_gateway,290
1788752401291000000,802.35,1,transit_gateway,291
1788752401292000000,722.32,1,transit_gateway,292
1788752401293000000,837.36,1,transit_gateway,293
1788752401294000000,811.71,1,transit_gateway,294
1788752401295000000,845.34,1,transit_gateway,295
1788752401296000000,759.9,1,transit_gateway,296
1788752401297000000,724.33,1,transit_gateway,297
1788752401298000000,904.66,1,transit_gateway,298
1788752401299000000,800.45,1,transit_gateway,299
1788752401300000000,898.95,1,transit_gateway,300
1788752401301000000,809.53,1,transit_gateway,301
1788752401302000000,853.98,1,transit_gateway,302
1788752401303000000,759.8,1,transit_gateway,303
1788752401304000000,737.92,1,transit_gateway,304
1788752401305000000,780.84,1,transit_gateway,305
1788752401306000000,801.2,1,transit_gateway,306
1788752401307000000,843.71,1,transit_gateway,307
1788752401308000000,743.68,1,transit_gateway,308
1788752401309000000,759.26,1,transit_gateway,309
1788752401310000000,685.27,1,transit_gateway,310
1788752401311000000,776.18,1,transit_gateway,311
1788752401312000000,651.82,1,transit_gateway,312
1788752401313000000,842.57,1,transit_gateway,313
1788752401314000000,891.92,1,transit_gateway,314
1788752401315000000,744.67,1,transit_gateway,315
1788752401316000000,809.91,1,transit_gateway,316
1788752401317000000,768.45,1,transit_gateway,317
1788752401318000000,843.63,1,transit_gateway,318
1788752401319000000,703.9,1,transit_gateway,319
1788752401320000000,678.58,1,transit_gateway,320
1788752401321000000,666.54,1,transit_gateway,321
1788752401322000000,943.17,1,transit_gateway,322
1788752401323000000,773.1,1,transit_gateway,323
1788752401324000000,729.11,1,transit_gateway,324
1788752401325000000,620.22,1,transit_gateway,325
1788752401326000000,955.47,1,transit_gateway,326
1788752401327000000,730.28,1,transit_gateway,327
1788752401328000000,841.31,1,transit_gateway,328
1788752401329000000,706.27,1,transit_gateway,329
1788752401330000000,818.35,1,transit_gateway,330
1788752401331000000,799.24,1,transit_gateway,331
1788752401332000000,779.08,1,transit_gateway,332
1788752401333000000,912.03,1,transit_gateway,333
1788752401334000000,669.32,1,transit_gateway,334
1788752401335000000,694.8,1,transit_gateway,335
1788752401336000000,840.77,1,transit_gateway,336
1788752401337000000,862.08,1,transit_gateway,337
1788752401338000000,692.49,1,transit_gateway,338
1788752401339000000,697.6,1,transit_gateway,339
1788752401340000000,715.73,1,transit_gateway,340
1788752401341000000,786.22,1,transit_gateway,341
1788752401342000000,876.45,1,transit_gateway,342
1788752401343000000,863.25,1,transit_gateway,343
1788752401344000000,815.71,1,transit_gateway,344
1788752401345000000,827.61,1,transit_gateway,345
1788752401346000000,726.91,1,transit_gateway,346
1788752401347000000,826.48,1,transit_gateway,347
1788752401348000000,777.26,1,transit_gateway,348
1788752401349000000,875.11,1,transit_gateway,349
1788752401350000000,840.79,1,transit_gateway,350
1788752401351000000,930.55,1,transit_gateway,351
1788752401352000000,800.59,1,transit_gateway,352
1788752401353000000,872.38,1,transit_gateway,353
1788752401354000000,767.34,1,transit_gateway,354
1788752401355000000,863.92,1,transit_gateway,355
1788752401356000000,826.95,1,transit_gateway,356
1788752401357000000,855.74,1,transit_gateway,357
1788752401358000000,732.21,1,transit_gateway,358
1788752401359000000,732.56,1,transit_gateway,359
1788752401360000000,934.36,1,transit_gateway,360
1788752401361000000,849.49,1,transit_gateway,361
1788752401362000000,916.98,1,transit_gateway,362
1788752401363000000,684.31,1,transit_gateway,363
1788752401364000000,794.81,1,transit_gateway,364
1788752401365000000,809.66,1,transit_gateway,365
1788752401366000000,734.55,1,transit_gateway,366
1788752401367000000,851.37,1,transit_gateway,367
1788752401368000000,837.28,1,transit_gateway,368
1788752401369000000,794.27,1,transit_gateway,369
1788752401370000000,915.33,1,transit_gateway,370
1788752401371000000,912.25,1,transit_gateway,371
1788752401372000000,835.59,1,transit_gateway,372
1788752401373000000,669.23,1,transit_gateway,373
1788752401374000000,782.27,1,transit_gateway,374
1788752401375000000,649.81,1,transit_gateway,375
1788752401376000000,823.56,1,transit_gateway,376
1788752401377000000,729.23,1,transit_gateway,377
1788752401378000000,813.51,1,transit_gateway,378
1788752401379000000,788.96,1,transit_gateway,379
1788752401380000000,866.89,1,transit_gateway,380
1788752401381000000,864.58,1,transit_gateway,381
1788752401382000000,812.2,1,transit_gateway,382
1788752401383000000,604.59,1,transit_gateway,383
1788752401384000000,743.76,1,transit_gateway,384
1788752401385000000,822.96,1,transit_gateway,385
1788752401386000000,806.6,1,transit_gateway,386
1788752401387000000,845.71,1,transit_gateway,387
1788752401388000000,690.45,1,transit_gateway,388
1788752401389000000,778.03,1,transit_gateway,389
1788752401390000000,749.05,1,transit_gateway,390
1788752401391000000,768.55,1,transit_gateway,391
1788752401392000000,763.2,1,transit_gateway,392
1788752401393000000,720.99,1,transit_gateway,393
1788752401394000000,799.01,1,transit_gateway,394
1788752401395000000,766.18,1,transit_gateway,395
1788752401396000000,749.73,1,transit_gateway,396
1788752401397000000,811.61,1,transit_gateway,397
1788752401398000000,707.65,1,transit_gateway,398
1788752401399000000,822.03,1,transit_gateway,399
1788752401400000000,714.77,1,transit_gateway,400
1788752401401000000,782.13,1,transit_gateway,401
1788752401402000000,711.52,1,transit_gateway,402
1788752401403000000,652.27,1,transit_gateway,403
1788752401404000000,753.15,1,transit_gateway,404
1788752401405000000,934.87,1,transit_gateway,405
1788752401406000000,782.48,1,transit_gateway,406
1788752401407000000,752.31,1,transit_gateway,407
1788752401408000000,869.61,1,transit_gateway,408
1788752401409000000,754.26,1,transit_gateway,409
1788752401410000000,749.98,1,transit_gateway,410
1788752401411000000,807.42,1,transit_gateway,411
1788752401412000000,844.96,1,transit_gateway,412
1788752401413000000,846.93,1,transit_gateway,413
1788752401414000000,798.39,1,transit_gateway,414
1788752401415000000,745.86,1,transit_gateway,415
1788752401416000000,813.36,1,transit_gateway,416
1788752401417000000,822.41,1,transit_gateway,417
1788752401418000000,745.15,1,transit_gateway,418
1788752401419000000,844.03,1,transit_gateway,419
1788752401420000000,776.35,1,transit_gateway,420
1788752401421000000,656.67,1,transit_gateway,421
1788752401422000000,793.89,1,transit_gateway,422
1788752401423000000,834.05,1,transit_gateway,423
1788752401424000000,696.38,1,transit_gateway,424
1788752401425000000,818.1,1,transit_gateway,425
1788752401426000000,797.91,1,transit_gateway,426
1788752401427000000,873.73,1,transit_gateway,427
1788752401428000000,823.13,1,transit_gateway,428
1788752401429000000,774.25,1,transit_gateway,429
1788752401430000000,859.48,1,transit_gateway,430
1788752401431000000,730.27,1,transit_gateway,431
1788752401432000000,739.12,1,transit_gateway,432
1788752401433000000,897.34,1,transit_gateway,433
1788752401434000000,863.49,1,transit_gateway,434
1788752401435000000,794.15,1,transit_gateway,435
1788752401436000000,710.19,1,transit_gateway,436
1788752401437000000,793.26,1,transit_gateway,437
1788752401438000000,752.11,1,transit_gateway,438
1788752401439000000,754.81,1,transit_gateway,439
1788752401440000000,870.35,1,transit_gateway,440
1788752401441000000,606.9,1,transit_gateway,441
1788752401442000000,834.78,1,transit_gateway,442
1788752401443000000,875.91,1,transit_gateway,443
1788752401444000000,878.3,1,transit_gateway,444
1788752401445000000,854.68,1,transit_gateway,445
1788752401446000000,829.08,1,transit_gateway,446
1788752401447000000,734.55,1,transit_gateway,447
1788752401448000000,844.28,1,transit_gateway,448
1788752401449000000,760.32,1,transit_gateway,449
1788752401450000000,837.79,1,transit_gateway,450
1788752401451000000,793.57,1,transit_gateway,451
1788752401452000000,792.11,1,transit_gateway,452
1788752401453000000,792.62,1,transit_gateway,453
1788752401454000000,829.94,1,transit_gateway,454
1788752401455000000,832.15,1,transit_gateway,455
1788752401456000000,765.57,1,transit_gateway,456
1788752401457000000,885.17,1,transit_gateway,457
1788752401458000000,706.29,1,transit_gateway,458
1788752401459000000,785.96,1,transit_gateway,459
1788752401460000000,838.75,1,transit_gateway,460
1788752401461000000,810.47,1,transit_gateway,461
1788752401462000000,709.0,1,transit_gateway,462
1788752401463000000,800.91,1,transit_gateway,463
1788752401464000000,780.38,1,transit_gateway,464
1788752401465000000,865.84,1,transit_gateway,465
1788752401466000000,799.37,1,transit_gateway,466
1788752401467000000,825.89,1,transit_gateway,467
1788752401468000000,806.57,1,transit_gateway,468
1788752401469000000,753.2,1,transit_gateway,469
1788752401470000000,733.29,1,transit_gateway,470
1788752401471000000,931.86,1,transit_gateway,471
1788752401472000000,805.0,1,transit_gateway,472
1788752401473000000,678.39,1,transit_gateway,473
1788752401474000000,838.69,1,transit_gateway,474
1788752401475000000,704.39,1,transit_gateway,475
1788752401476000000,810.59,1,transit_gateway,476
1788752401477000000,863.34,1,transit_gateway,477
1788752401478000000,722.73,1,transit_gateway,478
1788752401479000000,875.02,1,transit_gateway,479
1788752401480000000,824.48,1,transit_gateway,480
1788752401481000000,908.11,1,transit_gateway,481
1788752401482000000,866.53,1,transit_gateway,482
1788752401483000000,705.53,1,transit_gateway,483
1788752401484000000,866.15,1,transit_gateway,484
1788752401485000000,751.39,1,transit_gateway,485
1788752401486000000,834.45,1,transit_gateway,486
1788752401487000000,746.9,1,transit_gateway,487
1788752401488000000,823.56,1,transit_gateway,488
1788752401489000000,806.55,1,transit_gateway,489
1788752401490000000,700.26,1,transit_gateway,490
1788752401491000000,792.54,1,transit_gateway,491
1788752401492000000,791.75,1,transit_gateway,492
1788752401493000000,807.21,1,transit_gateway,493
1788752401494000000,735.0,1,transit_gateway,494
1788752401495000000,730.9,1,transit_gateway,495
1788752401496000000,785.59,1,transit_gateway,496
1788752401497000000,878.95,1,transit_gateway,497
1788752401498000000,859.18,1,transit_gateway,498
1788752401499000000,829.38,1,transit_gateway,499
1788752401500000000,785.66,1,transit_gateway,500
1788752401501000000,879.31,1,transit_gateway,501
1788752401502000000,756.33,1,transit_gateway,502
1788752401503000000,865.75,1,transit_gateway,503
1788752401504000000,830.73,1,transit_gateway,504
1788752401505000000,748.3,1,transit_gateway,505
1788752401506000000,851.79,1,transit_gateway,506
1788752401507000000,707.52,1,transit_gateway,507
1788752401508000000,829.59,1,transit_gateway,508
1788752401509000000,761.24,1,transit_gateway,509
1788752401510000000,802.4,1,transit_gateway,510
1788752401511000000,805.3,1,transit_gateway,511
1788752401512000000,788.17,1,transit_gateway,512
1788752401513000000,895.99,1,transit_gateway,513
1788752401514000000,835.39,1,transit_gateway,514
1788752401515000000,844.93,1,transit_gateway,515
1788752401516000000,808.29,1,transit_gateway,516
1788752401517000000,749.72,1,transit_gateway,517
1788752401518000000,828.49,1,transit_gateway,518
1788752401519000000,865.61,1,transit_gateway,519
1788752401520000000,827.36,1,transit_gateway,520
1788752401521000000,888.03,1,transit_gateway,521
1788752401522000000,1005.78,1,transit_gateway,522
1788752401523000000,827.51,1,transit_gateway,523
1788752401524000000,810.4,1,transit_gateway,524
1788752401525000000,769.04,1,transit_gateway,525
1788752401526000000,788.73,1,transit_gateway,526
1788752401527000000,922.91,1,transit_gateway,527
1788752401528000000,770.32,1,transit_gateway,528
1788752401529000000,910.29,1,transit_gateway,529
1788752401530000000,886.53,1,transit_gateway,530
1788752401531000000,517.83,1,transit_gateway,531
1788752401532000000,700.9,1,transit_gateway,532
1788752401533000000,766.48,1,transit_gateway,533
1788752401534000000,729.13,1,transit_gateway,534
1788752401535000000,915.26,1,transit_gateway,535
1788752401536000000,864.89,1,transit_gateway,536
1788752401537000000,817.18,1,transit_gateway,537
1788752401538000000,773.19,1,transit_gateway,538
1788752401539000000,755.88,1,transit_gateway,539
1788752401540000000,645.96,1,transit_gateway,540
1788752401541000000,757.56,1,transit_gateway,541
1788752401542000000,757.12,1,transit_gateway,542
1788752401543000000,825.43,1,transit_gateway,543
1788752401544000000,696.67,1,transit_gateway,544
1788752401545000000,917.53,1,transit_gateway,545
1788752401546000000,776.92,1,transit_gateway,546
1788752401547000000,748.88,1,transit_gateway,547
1788752401548000000,824.64,1,transit_gateway,548
1788752401549000000,862.19,1,transit_gateway,549
1788752401550000000,892.22,1,transit_gateway,550
1788752401551000000,938.23,1,transit_gateway,551
1788752401552000000,757.77,1,transit_gateway,552
1788752401553000000,852.69,1,transit_gateway,553
1788752401554000000,793.39,1,transit_gateway,554
1788752401555000000,804.41,1,transit_gateway,555
1788752401556000000,707.37,1,transit_gateway,556
1788752401557000000,834.47,1,transit_gateway,557
1788752401558000000,867.34,1,transit_gateway,558
1788752401559000000,894.12,1,transit_gateway,559
1788752401560000000,804.17,1,transit_gateway,560
1788752401561000000,819.68,1,transit_gateway,561
1788752401562000000,753.99,1,transit_gateway,562
1788752401563000000,829.7,1,transit_gateway,563
1788752401564000000,844.39,1,transit_gateway,564
1788752401565000000,757.72,1,transit_gateway,565
1788752401566000000,752.25,1,transit_gateway,566
1788752401567000000,766.9,1,transit_gateway,567
1788752401568000000,806.19,1,transit_gateway,568
1788752401569000000,769.69,1,transit_gateway,569
1788752401570000000,833.18,1,transit_gateway,570
1788752401571000000,787.15,1,transit_gateway,571
1788752401572000000,787.56,1,transit_gateway,572
1788752401573000000,779.19,1,transit_gateway,573
1788752401574000000,806.74,1,transit_gateway,574
1788752401575000000,875.68,1,transit_gateway,575
1788752401576000000,700.87,1,transit_gateway,576
1788752401577000000,743.55,1,transit_gateway,577
1788752401578000000,695.66,1,transit_gateway,578
1788752401579000000,795.08,1,transit_gateway,579
1788752401580000000,898.64,1,transit_gateway,580
1788752401581000000,1017.57,1,transit_gateway,581
1788752401582000000,631.8,1,transit_gateway,582
1788752401583000000,761.68,1,transit_gateway,583
1788752401584000000,858.35,1,transit_gateway,584
1788752401585000000,791.61,1,transit_gateway,585
1788752401586000000,833.98,1,transit_gateway,586
1788752401587000000,758.74,1,transit_gateway,587
1788752401588000000,767.02,1,transit_gateway,588
1788752401589000000,758.98,1,transit_gateway,589
1788752401590000000,695.22,1,transit_gateway,590
1788752401591000000,716.88,1,transit_gateway,591
1788752401592000000,744.64,1,transit_gateway,592
1788752401593000000,786.4,1,transit_gateway,593
1788752401594000000,775.65,1,transit_gateway,594
1788752401595000000,770.35,1,transit_gateway,595
1788752401596000000,767.58,1,transit_gateway,596
1788752401597000000,759.14,1,transit_gateway,597
1788752401598000000,861.6,1,transit_gateway,598
1788752401599000000,824.2,1,transit_gateway,599
1788752401600000000,832.74,1,transit_gateway,600
1788752401601000000,785.74,1,transit_gateway,601
1788752401602000000,815.15,1,transit_gateway,602
1788752401603000000,666.62,1,transit_gateway,603
1788752401604000000,913.42,1,transit_gateway,604
1788752401605000000,891.53,1,transit_gateway,605
1788752401606000000,764.16,1,transit_gateway,606
1788752401607000000,891.02,1,transit_gateway,607
1788752401608000000,769.61,1,transit_gateway,608
1788752401609000000,740.9,1,transit_gateway,609
1788752401610000000,892.4,1,transit_gateway,610
1788752401611000000,871.1,1,transit_gateway,611
1788752401612000000,754.12,1,transit_gateway,612
1788752401613000000,656.88,1,transit_gateway,613
1788752401614000000,759.44,1,transit_gateway,614
1788752401615000000,646.46,1,transit_gateway,615
1788752401616000000,722.74,1,transit_gateway,616
1788752401617000000,786.08,1,transit_gateway,617
1788752401618000000,716.8,1,transit_gateway,618
1788752401619000000,793.27,1,transit_gateway,619
1788752401620000000,865.51,1,transit_gateway,620
1788752401621000000,715.61,1,transit_gateway,621
1788752401622000000,787.93,1,transit_gateway,622
1788752401623000000,844.79,1,transit_gateway,623
1788752401624000000,799.5,1,transit_gateway,624
1788752401625000000,798.81,1,transit_gateway,625
1788752401626000000,889.38,1,transit_gateway,626
1788752401627000000,750.73,1,transit_gateway,627
1788752401628000000,831.89,1,transit_gateway,628
1788752401629000000,742.91,1,transit_gateway,629
1788752401630000000,678.91,1,transit_gateway,630
1788752401631000000,727.76,1,transit_gateway,631
1788752401632000000,976.69,1,transit_gateway,632
1788752401633000000,773.47,1,transit_gateway,633
1788752401634000000,854.06,1,transit_gateway,634
1788752401635000000,754.54,1,transit_gateway,635
1788752401636000000,762.51,1,transit_gateway,636
1788752401637000000,878.93,1,transit_gateway,637
1788752401638000000,707.81,1,transit_gateway,638
1788752401639000000,780.3,1,transit_gateway,639
1788752401640000000,773.32,1,transit_gateway,640
1788752401641000000,909.21,1,transit_gateway,641
1788752401642000000,763.82,1,transit_gateway,642
1788752401643000000,741.02,1,transit_gateway,643
1788752401644000000,900.87,1,transit_gateway,644
1788752401645000000,806.76,1,transit_gateway,645
1788752401646000000,698.09,1,transit_gateway,646
1788752401647000000,734.82,1,transit_gateway,647
1788752401648000000,767.26,1,transit_gateway,648
1788752401649000000,788.69,1,transit_gateway,649
1788752401650000000,784.53,1,transit_gateway,650
1788752401651000000,812.05,1,transit_gateway,651
1788752401652000000,836.81,1,transit_gateway,652
1788752401653000000,897.03,1,transit_gateway,653
1788752401654000000,815.13,1,transit_gateway,654
1788752401655000000,832.91,1,transit_gateway,655
1788752401656000000,751.4,1,transit_gateway,656
1788752401657000000,730.71,1,transit_gateway,657
1788752401658000000,816.05,1,transit_gateway,658
1788752401659000000,717.75,1,transit_gateway,659
1788752401660000000,694.05,1,transit_gateway,660
1788752401661000000,877.74,1,transit_gateway,661
1788752401662000000,736.31,1,transit_gateway,662
1788752401663000000,879.37,1,transit_gateway,663
1788752401664000000,892.48,1,transit_gateway,664
1788752401665000000,755.75,1,transit_gateway,665
1788752401666000000,789.32,1,transit_gateway,666
1788752401667000000,768.71,1,transit_gateway,667
1788752401668000000,690.55,1,transit_gateway,668
1788752401669000000,772.94,1,transit_gateway,669
1788752401670000000,849.39,1,transit_gateway,670
1788752401671000000,811.36,1,transit_gateway,671
1788752401672000000,733.47,1,transit_gateway,672
1788752401673000000,703.88,1,transit_gateway,673
1788752401674000000,777.82,1,transit_gateway,674
1788752401675000000,701.98,1,transit_gateway,675
1788752401676000000,800.32,1,transit_gateway,676
1788752401677000000,826.68,1,transit_gateway,677
1788752401678000000,964.69,1,transit_gateway,678
1788752401679000000,739.8,1,transit_gateway,679
1788752401680000000,771.28,1,transit_gateway,680
1788752401681000000,656.81,1,transit_gateway,681
1788752401682000000,828.83,1,transit_gateway,682
1788752401683000000,760.3,1,transit_gateway,683
1788752401684000000,728.88,1,transit_gateway,684
1788752401685000000,897.45,1,transit_gateway,685
1788752401686000000,739.39,1,transit_gateway,686
1788752401687000000,789.45,1,transit_gateway,687
1788752401688000000,822.08,1,transit_gateway,688
1788752401689000000,658.98,1,transit_gateway,689
1788752401690000000,765.3,1,transit_gateway,690
1788752401691000000,828.05,1,transit_gateway,691
1788752401692000000,915.61,1,transit_gateway,692
1788752401693000000,795.91,1,transit_gateway,693
1788752401694000000,864.66,1,transit_gateway,694
1788752401695000000,789.03,1,transit_gateway,695
1788752401696000000,732.65,1,transit_gateway,696
1788752401697000000,676.63,1,transit_gateway,697
1788752401698000000,830.34,1,transit_gateway,698
1788752401699000000,735.71,1,transit_gateway,699
1788752401700000000,764.32,1,transit_gateway,700
1788752401701000000,856.04,1,transit_gateway,701
1788752401702000000,783.08,1,transit_gateway,702
1788752401703000000,803.73,1,transit_gateway,703
1788752401704000000,791.03,1,transit_gateway,704
1788752401705000000,749.63,1,transit_gateway,705
1788752401706000000,712.31,1,transit_gateway,706
1788752401707000000,939.53,1,transit_gateway,707
1788752401708000000,639.17,1,transit_gateway,708
1788752401709000000,824.79,1,transit_gateway,709
1788752401710000000,888.91,1,transit_gateway,710
1788752401711000000,841.3,1,transit_gateway,711
1788752401712000000,950.24,1,transit_gateway,712
1788752401713000000,762.11,1,transit_gateway,713
1788752401714000000,737.98,1,transit_gateway,714
1788752401715000000,738.86,1,transit_gateway,715
1788752401716000000,993.36,1,transit_gateway,716
1788752401717000000,694.3,1,transit_gateway,717
1788752401718000000,770.96,1,transit_gateway,718
1788752401719000000,780.76,1,transit_gateway,719
1788752401720000000,715.88,1,transit_gateway,720
1788752401721000000,897.59,1,transit_gateway,721
1788752401722000000,1004.08,1,transit_gateway,722
1788752401723000000,837.18,1,transit_gateway,723
1788752401724000000,768.9,1,transit_gateway,724
1788752401725000000,883.02,1,transit_gateway,725
1788752401726000000,738.87,1,transit_gateway,726
1788752401727000000,725.87,1,transit_gateway,727
1788752401728000000,844.79,1,transit_gateway,728
1788752401729000000,767.21,1,transit_gateway,729
1788752401730000000,788.61,1,transit_gateway,730
1788752401731000000,762.85,1,transit_gateway,731
1788752401732000000,675.07,1,transit_gateway,732
1788752401733000000,913.0,1,transit_gateway,733
1788752401734000000,711.67,1,transit_gateway,734
1788752401735000000,835.23,1,transit_gateway,735
1788752401736000000,840.71,1,transit_gateway,736
1788752401737000000,806.59,1,transit_gateway,737
1788752401738000000,943.59,1,transit_gateway,738
1788752401739000000,802.49,1,transit_gateway,739
1788752401740000000,802.11,1,transit_gateway,740
1788752401741000000,833.67,1,transit_gateway,741
1788752401742000000,764.82,1,transit_gateway,742
1788752401743000000,801.0,1,transit_gateway,743
1788752401744000000,729.22,1,transit_gateway,744
1788752401745000000,838.84,1,transit_gateway,745
1788752401746000000,735.51,1,transit_gateway,746
1788752401747000000,700.02,1,transit_gateway,747
1788752401748000000,754.95,1,transit_gateway,748
1788752401749000000,784.79,1,transit_gateway,749
1788752401750000000,841.53,1,transit_gateway,750
1788752401751000000,775.06,1,transit_gateway,751
1788752401752000000,852.34,1,transit_gateway,752
1788752401753000000,823.08,1,transit_gateway,753
1788752401754000000,752.69,1,transit_gateway,754
1788752401755000000,729.59,1,transit_gateway,755
1788752401756000000,788.01,1,transit_gateway,756
1788752401757000000,708.37,1,transit_gateway,757
1788752401758000000,849.31,1,transit_gateway,758
1788752401759000000,884.51,1,transit_gateway,759
1788752401760000000,830.85,1,transit_gateway,760
1788752401761000000,845.12,1,transit_gateway,761
1788752401762000000,888.99,1,transit_gateway,762
1788752401763000000,744.36,1,transit_gateway,763
1788752401764000000,814.6,1,transit_gateway,764
1788752401765000000,891.65,1,transit_gateway,765
1788752401766000000,852.54,1,transit_gateway,766
1788752401767000000,826.64,1,transit_gateway,767
1788752401768000000,782.07,1,transit_gateway,768
1788752401769000000,776.09,1,transit_gateway,769
1788752401770000000,824.17,1,transit_gateway,770
1788752401771000000,798.87,1,transit_gateway,771
1788752401772000000,774.65,1,transit_gateway,772
1788752401773000000,758.82,1,transit_gateway,773
1788752401774000000,878.75,1,transit_gateway,774
1788752401775000000,765.97,1,transit_gateway,775
1788752401776000000,739.18,1,transit_gateway,776
1788752401777000000,716.02,1,transit_gateway,777
1788752401778000000,710.65,1,transit_gateway,778
1788752401779000000,805.46,1,transit_gateway,779
1788752401780000000,739.55,1,transit_gateway,780
1788752401781000000,821.13,1,transit_gateway,781
1788752401782000000,929.22,1,transit_gateway,782
1788752401783000000,922.32,1,transit_gateway,783
1788752401784000000,636.34,1,transit_gateway,784
1788752401785000000,889.22,1,transit_gateway,785
1788752401786000000,882.9,1,transit_gateway,786
1788752401787000000,752.1,1,transit_gateway,787
1788752401788000000,899.19,1,transit_gateway,788
1788752401789000000,711.92,1,transit_gateway,789
1788752401790000000,785.1,1,transit_gateway,790
1788752401791000000,780.11,1,transit_gateway,791
1788752401792000000,708.34,1,transit_gateway,792
1788752401793000000,847.2,1,transit_gateway,793
1788752401794000000,871.39,1,transit_gateway,794
1788752401795000000,864.37,1,transit_gateway,795
1788752401796000000,698.05,1,transit_gateway,796
1788752401797000000,839.58,1,transit_gateway,797
1788752401798000000,757.91,1,transit_gateway,798
1788752401799000000,785.76,1,transit_gateway,799
1788752401800000000,769.78,1,transit_gateway,800
1788752401801000000,892.74,1,transit_gateway,801
1788752401802000000,807.68,1,transit_gateway,802
1788752401803000000,734.49,1,transit_gateway,803
1788752401804000000,746.99,1,transit_gateway,804
1788752401805000000,853.74,1,transit_gateway,805
1788752401806000000,832.75,1,transit_gateway,806
1788752401807000000,794.04,1,transit_gateway,807
1788752401808000000,773.71,1,transit_gateway,808
1788752401809000000,883.9,1,transit_gateway,809
1788752401810000000,916.45,1,transit_gateway,810
1788752401811000000,747.89,1,transit_gateway,811
1788752401812000000,763.33,1,transit_gateway,812
1788752401813000000,811.55,1,transit_gateway,813
1788752401814000000,758.79,1,transit_gateway,814
1788752401815000000,812.49,1,transit_gateway,815
1788752401816000000,749.93,1,transit_gateway,816
1788752401817000000,816.91,1,transit_gateway,817
1788752401818000000,896.4,1,transit_gateway,818
1788752401819000000,931.55,1,transit_gateway,819
1788752401820000000,773.69,1,transit_gateway,820
1788752401821000000,811.64,1,transit_gateway,821
1788752401822000000,755.06,1,transit_gateway,822
1788752401823000000,757.93,1,transit_gateway,823
1788752401824000000,803.31,1,transit_gateway,824
1788752401825000000,712.97,1,transit_gateway,825
1788752401826000000,795.55,1,transit_gateway,826
1788752401827000000,697.11,1,transit_gateway,827
1788752401828000000,906.93,1,transit_gateway,828
1788752401829000000,842.28,1,transit_gateway,829
1788752401830000000,850.45,1,transit_gateway,830
1788752401831000000,849.5,1,transit_gateway,831
1788752401832000000,843.99,1,transit_gateway,832
1788752401833000000,960.17,1,transit_gateway,833
1788752401834000000,797.53,1,transit_gateway,834
1788752401835000000,902.9,1,transit_gateway,835
1788752401836000000,783.9,1,transit_gateway,836
1788752401837000000,918.22,1,transit_gateway,837
1788752401838000000,691.02,1,transit_gateway,838
1788752401839000000,849.35,1,transit_gateway,839
1788752401840000000,880.66,1,transit_gateway,840
1788752401841000000,864.44,1,transit_gateway,841
1788752401842000000,743.11,1,transit_gateway,842
1788752401843000000,869.07,1,transit_gateway,843
1788752401844000000,891.27,1,transit_gateway,844
1788752401845000000,913.08,1,transit_gateway,845
1788752401846000000,829.34,1,transit_gateway,846
1788752401847000000,830.72,1,transit_gateway,847
1788752401848000000,707.43,1,transit_gateway,848
1788752401849000000,661.63,1,transit_gateway,849
1788752401850000000,799.46,1,transit_gateway,850
1788752401851000000,742.03,1,transit_gateway,851
1788752401852000000,789.92,1,transit_gateway,852
1788752401853000000,788.72,1,transit_gateway,853
1788752401854000000,924.7,1,transit_gateway,854
1788752401855000000,767.49,1,transit_gateway,855
1788752401856000000,914.28,1,transit_gateway,856
1788752401857000000,782.53,1,transit_gateway,857
1788752401858000000,738.46,1,transit_gateway,858
1788752401859000000,783.94,1,transit_gateway,859
1788752401860000000,837.9,1,transit_gateway,860
1788752401861000000,771.91,1,transit_gateway,861
1788752401862000000,856.25,1,transit_gateway,862
1788752401863000000,887.48,1,transit_gateway,863
1788752401864000000,896.94,1,transit_gateway,864
1788752401865000000,826.52,1,transit_gateway,865
1788752401866000000,648.5,1,transit_gateway,866
1788752401867000000,812.81,1,transit_gateway,867
1788752401868000000,966.02,1,transit_gateway,868
1788752401869000000,790.65,1,transit_gateway,869
1788752401870000000,866.26,1,transit_gateway,870
1788752401871000000,571.24,1,transit_gateway,871
1788752401872000000,825.0,1,transit_gateway,872
1788752401873000000,851.55,1,transit_gateway,873
1788752401874000000,871.16,1,transit_gateway,874
1788752401875000000,816.76,1,transit_gateway,875
1788752401876000000,825.6,1,transit_gateway,876
1788752401877000000,884.07,1,transit_gateway,877
1788752401878000000,729.5,1,transit_gateway,878
1788752401879000000,883.24,1,transit_gateway,879
1788752401880000000,773.8,1,transit_gateway,880
1788752401881000000,910.31,1,transit_gateway,881
1788752401882000000,884.49,1,transit_gateway,882
1788752401883000000,852.38,1,transit_gateway,883
1788752401884000000,667.8,1,transit_gateway,884
1788752401885000000,693.85,1,transit_gateway,885
1788752401886000000,692.22,1,transit_gateway,886
1788752401887000000,842.07,1,transit_gateway,887
1788752401888000000,785.47,1,transit_gateway,888
1788752401889000000,779.88,1,transit_gateway,889
1788752401890000000,707.37,1,transit_gateway,890
1788752401891000000,821.86,1,transit_gateway,891
1788752401892000000,689.64,1,transit_gateway,892
1788752401893000000,829.47,1,transit_gateway,893
1788752401894000000,773.27,1,transit_gateway,894
1788752401895000000,834.26,1,transit_gateway,895
1788752401896000000,757.4,1,transit_gateway,896
1788752401897000000,730.92,1,transit_gateway,897
1788752401898000000,823.87,1,transit_gateway,898
1788752401899000000,744.86,1,transit_gateway,899
1788752401900000000,773.29,1,transit_gateway,900
1788752401901000000,723.82,1,transit_gateway,901
1788752401902000000,792.95,1,transit_gateway,902
1788752401903000000,681.04,1,transit_gateway,903
1788752401904000000,705.31,1,transit_gateway,904
1788752401905000000,731.37,1,transit_gateway,905
1788752401906000000,760.54,1,transit_gateway,906
1788752401907000000,814.96,1,transit_gateway,907
1788752401908000000,840.0,1,transit_gateway,908
1788752401909000000,675.02,1,transit_gateway,909
1788752401910000000,899.52,1,transit_gateway,910
1788752401911000000,833.72,1,transit_gateway,911
1788752401912000000,798.39,1,transit_gateway,912
1788752401913000000,755.86,1,transit_gateway,913
1788752401914000000,816.76,1,transit_gateway,914
1788752401915000000,746.79,1,transit_gateway,915
1788752401916000000,856.26,1,transit_gateway,916
1788752401917000000,811.7,1,transit_gateway,917
1788752401918000000,827.34,1,transit_gateway,918
1788752401919000000,824.98,1,transit_gateway,919
1788752401920000000,760.41,1,transit_gateway,920
1788752401921000000,871.64,1,transit_gateway,921
1788752401922000000,706.38,1,transit_gateway,922
1788752401923000000,795.62,1,transit_gateway,923
1788752401924000000,691.52,1,transit_gateway,924
1788752401925000000,806.23,1,transit_gateway,925
1788752401926000000,870.32,1,transit_gateway,926
1788752401927000000,787.59,1,transit_gateway,927
1788752401928000000,842.65,1,transit_gateway,928
1788752401929000000,842.67,1,transit_gateway,929
1788752401930000000,828.83,1,transit_gateway,930
1788752401931000000,837.81,1,transit_gateway,931
1788752401932000000,824.13,1,transit_gateway,932
1788752401933000000,761.01,1,transit_gateway,933
1788752401934000000,798.55,1,transit_gateway,934
1788752401935000000,921.0,1,transit_gateway,935
1788752401936000000,794.99,1,transit_gateway,936
1788752401937000000,731.52,1,transit_gateway,937
1788752401938000000,879.61,1,transit_gateway,938
1788752401939000000,853.5,1,transit_gateway,939
1788752401940000000,756.15,1,transit_gateway,940
1788752401941000000,850.91,1,transit_gateway,941
1788752401942000000,837.26,1,transit_gateway,942
1788752401943000000,846.5,1,transit_gateway,943
1788752401944000000,827.57,1,transit_gateway,944
1788752401945000000,743.38,1,transit_gateway,945
1788752401946000000,685.0,1,transit_gateway,946
1788752401947000000,644.81,1,transit_gateway,947
1788752401948000000,816.33,1,transit_gateway,948
1788752401949000000,820.94,1,transit_gateway,949
1788752401950000000,771.46,1,transit_gateway,950
1788752401951000000,654.54,1,transit_gateway,951
1788752401952000000,706.71,1,transit_gateway,952
1788752401953000000,807.99,1,transit_gateway,953
1788752401954000000,795.04,1,transit_gateway,954
1788752401955000000,895.61,1,transit_gateway,955
1788752401956000000,692.65,1,transit_gateway,956
1788752401957000000,799.07,1,transit_gateway,957
1788752401958000000,743.81,1,transit_gateway,958
1788752401959000000,704.16,1,transit_gateway,959
1788752401960000000,818.51,1,transit_gateway,960
1788752401961000000,679.11,1,transit_gateway,961
1788752401962000000,844.75,1,transit_gateway,962
1788752401963000000,831.39,1,transit_gateway,963
1788752401964000000,712.71,1,transit_gateway,964
1788752401965000000,828.73,1,transit_gateway,965
1788752401966000000,742.28,1,transit_gateway,966
1788752401967000000,821.84,1,transit_gateway,967
1788752401968000000,884.96,1,transit_gateway,968
1788752401969000000,772.68,1,transit_gateway,969
1788752401970000000,876.1,1,transit_gateway,970
1788752401971000000,606.41,1,transit_gateway,971
1788752401972000000,853.74,1,transit_gateway,972
1788752401973000000,749.87,1,transit_gateway,973
1788752401974000000,593.13,1,transit_gateway,974
1788752401975000000,741.61,1,transit_gateway,975
1788752401976000000,834.16,1,transit_gateway,976
1788752401977000000,751.41,1,transit_gateway,977
1788752401978000000,691.64,1,transit_gateway,978
1788752401979000000,755.73,1,transit_gateway,979
1788752401980000000,796.68,1,transit_gateway,980
1788752401981000000,655.21,1,transit_gateway,981
1788752401982000000,843.09,1,transit_gateway,982
1788752401983000000,740.4,1,transit_gateway,983
1788752401984000000,803.42,1,transit_gateway,984
1788752401985000000,893.16,1,transit_gateway,985
1788752401986000000,691.38,1,transit_gateway,986
1788752401987000000,863.75,1,transit_gateway,987
1788752401988000000,861.91,1,transit_gateway,988
1788752401989000000,744.45,1,transit_gateway,989
1788752401990000000,747.33,1,transit_gateway,990
1788752401991000000,774.17,1,transit_gateway,991
1788752401992000000,765.57,1,transit_gateway,992
1788752401993000000,748.43,1,transit_gateway,993
1788752401994000000,767.78,1,transit_gateway,994
1788752401995000000,675.19,1,transit_gateway,995
1788752401996000000,721.58,1,transit_gateway,996
1788752401997000000,824.2,1,transit_gateway,997
1788752401998000000,881.49,1,transit_gateway,998
1788752401999000000,751.25,1,transit_gateway,999
1788752402000000000,775.9,1,transit_gateway,1000
1788752402001000000,175.18,2,vpc_peering,1
1788752402002000000,183.28,2,vpc_peering,2
1788752402003000000,183.38,2,vpc_peering,3
1788752402004000000,145.61,2,vpc_peering,4
1788752402005000000,174.78,2,vpc_peering,5
1788752402006000000,187.49,2,vpc_peering,6
1788752402007000000,172.49,2,vpc_peering,7
1788752402008000000,157.46,2,vpc_peering,8
1788752402009000000,183.77,2,vpc_peering,9
1788752402010000000,186.24,2,vpc_peering,10
1788752402011000000,193.26,2,vpc_peering,11
1788752402012000000,189.88,2,vpc_peering,12
1788752402013000000,200.21,2,vpc_peering,13
1788752402014000000,178.42,2,vpc_peering,14
1788752402015000000,186.37,2,vpc_peering,15
1788752402016000000,199.93,2,vpc_peering,16
1788752402017000000,172.88,2,vpc_peering,17
1788752402018000000,180.18,2,vpc_peering,18
1788752402019000000,178.09,2,vpc_peering,19
1788752402020000000,166.71,2,vpc_peering,20
1788752402021000000,158.1,2,vpc_peering,21
1788752402022000000,173.86,2,vpc_peering,22
1788752402023000000,162.6,2,vpc_peering,23
1788752402024000000,179.96,2,vpc_peering,24
1788752402025000000,173.58,2,vpc_peering,25
1788752402026000000,178.08,2,vpc_peering,26
1788752402027000000,178.79,2,vpc_peering,27
1788752402028000000,156.16,2,vpc_peering,28
1788752402029000000,148.68,2,vpc_peering,29
1788752402030000000,166.81,2,vpc_peering,30
1788752402031000000,173.54,2,vpc_peering,31
1788752402032000000,172.59,2,vpc_peering,32
1788752402033000000,156.85,2,vpc_peering,33
1788752402034000000,172.4,2,vpc_peering,34
1788752402035000000,178.65,2,vpc_peering,35
1788752402036000000,165.98,2,vpc_peering,36
1788752402037000000,178.8,2,vpc_peering,37
1788752402038000000,173.19,2,vpc_peering,38
1788752402039000000,194.84,2,vpc_peering,39
1788752402040000000,170.01,2,vpc_peering,40
1788752402041000000,176.21,2,vpc_peering,41
1788752402042000000,209.95,2,vpc_peering,42
1788752402043000000,188.28,2,vpc_peering,43
1788752402044000000,172.69,2,vpc_peering,44
1788752402045000000,167.91,2,vpc_peering,45
1788752402046000000,176.17,2,vpc_peering,46
1788752402047000000,148.79,2,vpc_peering,47
1788752402048000000,163.33,2,vpc_peering,48
1788752402049000000,144.28,2,vpc_peering,49
1788752402050000000,161.09,2,vpc_peering,50
1788752402051000000,170.06,2,vpc_peering,51
1788752402052000000,182.29,2,vpc_peering,52
1788752402053000000,163.55,2,vpc_peering,53
1788752402054000000,149.01,2,vpc_peering,54
1788752402055000000,199.69,2,vpc_peering,55
1788752402056000000,170.29,2,vpc_peering,56
1788752402057000000,185.75,2,vpc_peering,57
1788752402058000000,170.75,2,vpc_peering,58
1788752402059000000,180.9,2,vpc_peering,59
1788752402060000000,173.35,2,vpc_peering,60
1788752402061000000,177.46,2,vpc_peering,61
1788752402062000000,155.61,2,vpc_peering,62
1788752402063000000,203.53,2,vpc_peering,63
1788752402064000000,179.94,2,vpc_peering,64
1788752402065000000,155.94,2,vpc_peering,65
1788752402066000000,159.48,2,vpc_peering,66
1788752402067000000,190.56,2,vpc_peering,67
1788752402068000000,167.69,2,vpc_peering,68
1788752402069000000,194.42,2,vpc_peering,69
1788752402070000000,169.98,2,vpc_peering,70
1788752402071000000,194.14,2,vpc_peering,71
1788752402072000000,163.64,2,vpc_peering,72
1788752402073000000,163.82,2,vpc_peering,73
1788752402074000000,169.2,2,vpc_peering,74
1788752402075000000,165.8,2,vpc_peering,75
1788752402076000000,160.25,2,vpc_peering,76
1788752402077000000,162.22,2,vpc_peering,77
1788752402078000000,144.74,2,vpc_peering,78
1788752402079000000,191.53,2,vpc_peering,79
1788752402080000000,150.7,2,vpc_peering,80
1788752402081000000,175.73,2,vpc_peering,81
1788752402082000000,174.23,2,vpc_peering,82
1788752402083000000,151.75,2,vpc_peering,83
1788752402084000000,151.53,2,vpc_peering,84
1788752402085000000,159.39,2,vpc_peering,85
1788752402086000000,201.67,2,vpc_peering,86
1788752402087000000,181.8,2,vpc_peering,87
1788752402088000000,173.59,2,vpc_peering,88
1788752402089000000,179.98,2,vpc_peering,89
1788752402090000000,165.41,2,vpc_peering,90
1788752402091000000,160.1,2,vpc_peering,91
1788752402092000000,192.36,2,vpc_peering,92
1788752402093000000,170.22,2,vpc_peering,93
1788752402094000000,179.2,2,vpc_peering,94
1788752402095000000,166.5,2,vpc_peering,95
1788752402096000000,166.54,2,vpc_peering,96
1788752402097000000,188.59,2,vpc_peering,97
1788752402098000000,125.02,2,vpc_peering,98
1788752402099000000,185.75,2,vpc_peering,99
1788752402100000000,184.71,2,vpc_peering,100
1788752402101000000,178.04,2,vpc_peering,101
1788752402102000000,156.9,2,vpc_peering,102
1788752402103000000,181.52,2,vpc_peering,103
1788752402104000000,167.16,2,vpc_peering,104
1788752402105000000,172.98,2,vpc_peering,105
1788752402106000000,181.51,2,vpc_peering,106
1788752402107000000,175.84,2,vpc_peering,107
1788752402108000000,160.07,2,vpc_peering,108
1788752402109000000,168.89,2,vpc_peering,109
1788752402110000000,161.41,2,vpc_peering,110
1788752402111000000,198.09,2,vpc_peering,111
1788752402112000000,186.81,2,vpc_peering,112
1788752402113000000,188.29,2,vpc_peering,113
1788752402114000000,156.51,2,vpc_peering,114
1788752402115000000,191.66,2,vpc_peering,115
1788752402116000000,187.14,2,vpc_peering,116
1788752402117000000,172.32,2,vpc_peering,117
1788752402118000000,159.67,2,vpc_peering,118
1788752402119000000,169.64,2,vpc_peering,119
1788752402120000000,161.22,2,vpc_peering,120
1788752402121000000,159.65,2,vpc_peering,121
1788752402122000000,172.21,2,vpc_peering,122
1788752402123000000,172.43,2,vpc_peering,123
1788752402124000000,184.03,2,vpc_peering,124
1788752402125000000,172.58,2,vpc_peering,125
1788752402126000000,181.81,2,vpc_peering,126
1788752402127000000,172.28,2,vpc_peering,127
1788752402128000000,144.47,2,vpc_peering,128
1788752402129000000,159.74,2,vpc_peering,129
1788752402130000000,178.97,2,vpc_peering,130
1788752402131000000,171.15,2,vpc_peering,131
1788752402132000000,174.83,2,vpc_peering,132
1788752402133000000,180.81,2,vpc_peering,133
1788752402134000000,167.02,2,vpc_peering,134
1788752402135000000,161.3,2,vpc_peering,135
1788752402136000000,182.64,2,vpc_peering,136
1788752402137000000,151.67,2,vpc_peering,137
1788752402138000000,184.94,2,vpc_peering,138
1788752402139000000,155.95,2,vpc_peering,139
1788752402140000000,181.2,2,vpc_peering,140
1788752402141000000,162.63,2,vpc_peering,141
1788752402142000000,191.53,2,vpc_peering,142
1788752402143000000,168.86,2,vpc_peering,143
1788752402144000000,164.5,2,vpc_peering,144
1788752402145000000,186.51,2,vpc_peering,145
1788752402146000000,170.42,2,vpc_peering,146
1788752402147000000,175.87,2,vpc_peering,147
1788752402148000000,154.49,2,vpc_peering,148
1788752402149000000,172.1,2,vpc_peering,149
1788752402150000000,180.17,2,vpc_peering,150
1788752402151000000,181.74,2,vpc_peering,151
1788752402152000000,175.96,2,vpc_peering,152
1788752402153000000,176.09,2,vpc_peering,153
1788752402154000000,163.44,2,vpc_peering,154
1788752402155000000,170.0,2,vpc_peering,155
1788752402156000000,181.84,2,vpc_peering,156
1788752402157000000,183.1,2,vpc_peering,157
1788752402158000000,164.66,2,vpc_peering,158
1788752402159000000,149.42,2,vpc_peering,159
1788752402160000000,187.98,2,vpc_peering,160
1788752402161000000,154.75,2,vpc_peering,161
1788752402162000000,180.69,2,vpc_peering,162
1788752402163000000,177.63,2,vpc_peering,163
1788752402164000000,178.08,2,vpc_peering,164
1788752402165000000,164.99,2,vpc_peering,165
1788752402166000000,145.11,2,vpc_peering,166
1788752402167000000,146.79,2,vpc_peering,167
1788752402168000000,150.19,2,vpc_peering,168
1788752402169000000,174.78,2,vpc_peering,169
1788752402170000000,166.41,2,vpc_peering,170
1788752402171000000,207.86,2,vpc_peering,171
1788752402172000000,176.09,2,vpc_peering,172
1788752402173000000,175.2,2,vpc_peering,173
1788752402174000000,159.77,2,vpc_peering,174
1788752402175000000,155.05,2,vpc_peering,175
1788752402176000000,163.44,2,vpc_peering,176
1788752402177000000,144.48,2,vpc_peering,177
1788752402178000000,159.27,2,vpc_peering,178
1788752402179000000,150.04,2,vpc_peering,179
1788752402180000000,162.64,2,vpc_peering,180
1788752402181000000,201.39,2,vpc_peering,181
1788752402182000000,171.4,2,vpc_peering,182
1788752402183000000,175.27,2,vpc_peering,183
1788752402184000000,163.79,2,vpc_peering,184
1788752402185000000,189.39,2,vpc_peering,185
1788752402186000000,171.67,2,vpc_peering,186
1788752402187000000,184.62,2,vpc_peering,187
1788752402188000000,179.5,2,vpc_peering,188
1788752402189000000,165.12,2,vpc_peering,189
1788752402190000000,194.23,2,vpc_peering,190
1788752402191000000,157.4,2,vpc_peering,191
1788752402192000000,180.59,2,vpc_peering,192
1788752402193000000,163.06,2,vpc_peering,193
1788752402194000000,164.57,2,vpc_peering,194
1788752402195000000,165.12,2,vpc_peering,195
1788752402196000000,186.56,2,vpc_peering,196
1788752402197000000,201.37,2,vpc_peering,197
1788752402198000000,166.4,2,vpc_peering,198
1788752402199000000,166.79,2,vpc_peering,199
1788752402200000000,158.33,2,vpc_peering,200
1788752402201000000,171.29,2,vpc_peering,201
1788752402202000000,184.34,2,vpc_peering,202
1788752402203000000,167.87,2,vpc_peering,203
1788752402204000000,187.21,2,vpc_peering,204
1788752402205000000,188.05,2,vpc_peering,205
1788752402206000000,171.87,2,vpc_peering,206
1788752402207000000,186.6,2,vpc_peering,207
1788752402208000000,174.25,2,vpc_peering,208
1788752402209000000,178.88,2,vpc_peering,209
1788752402210000000,133.83,2,vpc_peering,210
1788752402211000000,149.61,2,vpc_peering,211
1788752402212000000,181.63,2,vpc_peering,212
1788752402213000000,162.58,2,vpc_peering,213
1788752402214000000,189.57,2,vpc_peering,214
1788752402215000000,156.22,2,vpc_peering,215
1788752402216000000,154.82,2,vpc_peering,216
1788752402217000000,173.54,2,vpc_peering,217
1788752402218000000,186.14,2,vpc_peering,218
1788752402219000000,182.87,2,vpc_peering,219
1788752402220000000,178.37,2,vpc_peering,220
1788752402221000000,167.39,2,vpc_peering,221
1788752402222000000,190.35,2,vpc_peering,222
1788752402223000000,180.65,2,vpc_peering,223
1788752402224000000,168.47,2,vpc_peering,224
1788752402225000000,158.69,2,vpc_peering,225
1788752402226000000,160.23,2,vpc_peering,226
1788752402227000000,155.85,2,vpc_peering,227
1788752402228000000,184.17,2,vpc_peering,228
1788752402229000000,177.01,2,vpc_peering,229
1788752402230000000,167.06,2,vpc_peering,230
1788752402231000000,170.93,2,vpc_peering,231
1788752402232000000,177.36,2,vpc_peering,232
1788752402233000000,172.94,2,vpc_peering,233
1788752402234000000,181.42,2,vpc_peering,234
1788752402235000000,166.25,2,vpc_peering,235
1788752402236000000,186.48,2,vpc_peering,236
1788752402237000000,179.62,2,vpc_peering,237
1788752402238000000,183.63,2,vpc_peering,238
1788752402239000000,167.71,2,vpc_peering,239
1788752402240000000,171.97,2,vpc_peering,240
1788752402241000000,159.18,2,vpc_peering,241
1788752402242000000,187.11,2,vpc_peering,242
1788752402243000000,188.93,2,vpc_peering,243
1788752402244000000,163.07,2,vpc_peering,244
1788752402245000000,194.94,2,vpc_peering,245
1788752402246000000,183.8,2,vpc_peering,246
1788752402247000000,144.84,2,vpc_peering,247
1788752402248000000,159.39,2,vpc_peering,248
1788752402249000000,159.47,2,vpc_peering,249
1788752402250000000,169.02,2,vpc_peering,250
1788752402251000000,170.09,2,vpc_peering,251
1788752402252000000,186.39,2,vpc_peering,252
1788752402253000000,163.69,2,vpc_peering,253
1788752402254000000,169.04,2,vpc_peering,254
1788752402255000000,184.66,2,vpc_peering,255
1788752402256000000,177.1,2,vpc_peering,256
1788752402257000000,170.51,2,vpc_peering,257
1788752402258000000,147.6,2,vpc_peering,258
1788752402259000000,199.42,2,vpc_peering,259
1788752402260000000,191.94,2,vpc_peering,260
1788752402261000000,157.67,2,vpc_peering,261
1788752402262000000,180.22,2,vpc_peering,262
1788752402263000000,174.61,2,vpc_peering,263
1788752402264000000,184.42,2,vpc_peering,264
1788752402265000000,169.87,2,vpc_peering,265
1788752402266000000,152.27,2,vpc_peering,266
1788752402267000000,166.9,2,vpc_peering,267
1788752402268000000,183.12,2,vpc_peering,268
1788752402269000000,169.68,2,vpc_peering,269
1788752402270000000,182.42,2,vpc_peering,270
1788752402271000000,166.91,2,vpc_peering,271
1788752402272000000,158.68,2,vpc_peering,272
1788752402273000000,178.22,2,vpc_peering,273
1788752402274000000,158.44,2,vpc_peering,274
1788752402275000000,153.71,2,vpc_peering,275
1788752402276000000,162.79,2,vpc_peering,276
1788752402277000000,143.76,2,vpc_peering,277
1788752402278000000,158.01,2,vpc_peering,278
1788752402279000000,158.88,2,vpc_peering,279
1788752402280000000,165.06,2,vpc_peering,280
1788752402281000000,184.02,2,vpc_peering,281
1788752402282000000,172.64,2,vpc_peering,282
1788752402283000000,162.6,2,vpc_peering,283
1788752402284000000,171.72,2,vpc_peering,284
1788752402285000000,194.38,2,vpc_peering,285
1788752402286000000,190.97,2,vpc_peering,286
1788752402287000000,160.23,2,vpc_peering,287
1788752402288000000,159.43,2,vpc_peering,288
1788752402289000000,195.17,2,vpc_peering,289
1788752402290000000,173.11,2,vpc_peering,290
1788752402291000000,150.8,2,vpc_peering,291
1788752402292000000,176.39,2,vpc_peering,292
1788752402293000000,185.69,2,vpc_peering,293
1788752402294000000,169.26,2,vpc_peering,294
1788752402295000000,188.64,2,vpc_peering,295
1788752402296000000,187.29,2,vpc_peering,296
1788752402297000000,156.69,2,vpc_peering,297
1788752402298000000,170.12,2,vpc_peering,298
1788752402299000000,150.34,2,vpc_peering,299
1788752402300000000,177.43,2,vpc_peering,300
1788752402301000000,172.29,2,vpc_peering,301
1788752402302000000,193.07,2,vpc_peering,302
1788752402303000000,194.6,2,vpc_peering,303
1788752402304000000,181.35,2,vpc_peering,304
1788752402305000000,204.08,2,vpc_peering,305
1788752402306000000,170.95,2,vpc_peering,306
1788752402307000000,204.0,2,vpc_peering,307
1788752402308000000,166.29,2,vpc_peering,308
1788752402309000000,152.57,2,vpc_peering,309
1788752402310000000,185.82,2,vpc_peering,310
1788752402311000000,152.25,2,vpc_peering,311
1788752402312000000,171.13,2,vpc_peering,312
1788752402313000000,175.71,2,vpc_peering,313
1788752402314000000,184.41,2,vpc_peering,314
1788752402315000000,187.11,2,vpc_peering,315
1788752402316000000,165.26,2,vpc_peering,316
1788752402317000000,170.41,2,vpc_peering,317
1788752402318000000,175.74,2,vpc_peering,318
1788752402319000000,192.19,2,vpc_peering,319
1788752402320000000,168.17,2,vpc_peering,320
1788752402321000000,181.65,2,vpc_peering,321
1788752402322000000,156.33,2,vpc_peering,322
1788752402323000000,180.9,2,vpc_peering,323
1788752402324000000,168.13,2,vpc_peering,324
1788752402325000000,163.04,2,vpc_peering,325
1788752402326000000,195.75,2,vpc_peering,326
1788752402327000000,164.11,2,vpc_peering,327
1788752402328000000,161.6,2,vpc_peering,328
1788752402329000000,170.05,2,vpc_peering,329
1788752402330000000,179.23,2,vpc_peering,330
1788752402331000000,180.0,2,vpc_peering,331
1788752402332000000,170.98,2,vpc_peering,332
1788752402333000000,179.49,2,vpc_peering,333
1788752402334000000,198.97,2,vpc_peering,334
1788752402335000000,160.3,2,vpc_peering,335
1788752402336000000,141.77,2,vpc_peering,336
1788752402337000000,173.7,2,vpc_peering,337
1788752402338000000,135.79,2,vpc_peering,338
1788752402339000000,159.76,2,vpc_peering,339
1788752402340000000,147.48,2,vpc_peering,340
1788752402341000000,199.19,2,vpc_peering,341
1788752402342000000,201.91,2,vpc_peering,342
1788752402343000000,156.23,2,vpc_peering,343
1788752402344000000,189.58,2,vpc_peering,344
1788752402345000000,183.37,2,vpc_peering,345
1788752402346000000,160.84,2,vpc_peering,346
1788752402347000000,160.95,2,vpc_peering,347
1788752402348000000,182.79,2,vpc_peering,348
1788752402349000000,160.19,2,vpc_peering,349
1788752402350000000,185.58,2,vpc_peering,350
1788752402351000000,158.78,2,vpc_peering,351
1788752402352000000,184.61,2,vpc_peering,352
1788752402353000000,190.84,2,vpc_peering,353
1788752402354000000,192.09,2,vpc_peering,354
1788752402355000000,175.83,2,vpc_peering,355
1788752402356000000,190.93,2,vpc_peering,356
1788752402357000000,190.54,2,vpc_peering,357
1788752402358000000,161.33,2,vpc_peering,358
1788752402359000000,171.47,2,vpc_peering,359
1788752402360000000,193.22,2,vpc_peering,360
1788752402361000000,162.61,2,vpc_peering,361
1788752402362000000,168.6,2,vpc_peering,362
1788752402363000000,190.43,2,vpc_peering,363
1788752402364000000,171.18,2,vpc_peering,364
1788752402365000000,175.69,2,vpc_peering,365
1788752402366000000,156.05,2,vpc_peering,366
1788752402367000000,144.81,2,vpc_peering,367
1788752402368000000,164.72,2,vpc_peering,368
1788752402369000000,200.5,2,vpc_peering,369
1788752402370000000,197.98,2,vpc_peering,370
1788752402371000000,151.85,2,vpc_peering,371
1788752402372000000,189.88,2,vpc_peering,372
1788752402373000000,160.28,2,vpc_peering,373
1788752402374000000,168.73,2,vpc_peering,374
1788752402375000000,175.93,2,vpc_peering,375
1788752402376000000,178.71,2,vpc_peering,376
1788752402377000000,167.66,2,vpc_peering,377
1788752402378000000,176.73,2,vpc_peering,378
1788752402379000000,159.7,2,vpc_peering,379
1788752402380000000,175.14,2,vpc_peering,380
1788752402381000000,203.12,2,vpc_peering,381
1788752402382000000,174.88,2,vpc_peering,382
1788752402383000000,169.92,2,vpc_peering,383
1788752402384000000,174.17,2,vpc_peering,384
1788752402385000000,153.58,2,vpc_peering,385
1788752402386000000,172.01,2,vpc_peering,386
1788752402387000000,170.11,2,vpc_peering,387
1788752402388000000,156.89,2,vpc_peering,388
1788752402389000000,168.7,2,vpc_peering,389
1788752402390000000,162.51,2,vpc_peering,390
1788752402391000000,180.58,2,vpc_peering,391
1788752402392000000,155.74,2,vpc_peering,392
1788752402393000000,179.77,2,vpc_peering,393
1788752402394000000,180.1,2,vpc_peering,394
1788752402395000000,148.03,2,vpc_peering,395
1788752402396000000,167.76,2,vpc_peering,396
1788752402397000000,200.69,2,vpc_peering,397
1788752402398000000,188.08,2,vpc_peering,398
1788752402399000000,188.13,2,vpc_peering,399
1788752402400000000,166.28,2,vpc_peering,400
1788752402401000000,187.73,2,vpc_peering,401
1788752402402000000,170.84,2,vpc_peering,402
1788752402403000000,172.39,2,vpc_peering,403
1788752402404000000,182.43,2,vpc_peering,404
1788752402405000000,171.85,2,vpc_peering,405
1788752402406000000,171.29,2,vpc_peering,406
1788752402407000000,187.34,2,vpc_peering,407
1788752402408000000,147.54,2,vpc_peering,408
1788752402409000000,171.3,2,vpc_peering,409
1788752402410000000,174.96,2,vpc_peering,410
1788752402411000000,188.0,2,vpc_peering,411
1788752402412000000,178.97,2,vpc_peering,412
1788752402413000000,161.86,2,vpc_peering,413
1788752402414000000,163.14,2,vpc_peering,414
1788752402415000000,155.62,2,vpc_peering,415
1788752402416000000,176.56,2,vpc_peering,416
1788752402417000000,137.99,2,vpc_peering,417
1788752402418000000,192.65,2,vpc_peering,418
1788752402419000000,189.09,2,vpc_peering,419
1788752402420000000,163.43,2,vpc_peering,420
1788752402421000000,185.95,2,vpc_peering,421
1788752402422000000,197.8,2,vpc_peering,422
1788752402423000000,177.68,2,vpc_peering,423
1788752402424000000,187.42,2,vpc_peering,424
1788752402425000000,197.9,2,vpc_peering,425
1788752402426000000,160.88,2,vpc_peering,426
1788752402427000000,182.83,2,vpc_peering,427
1788752402428000000,160.26,2,vpc_peering,428
1788752402429000000,185.05,2,vpc_peering,429
1788752402430000000,169.63,2,vpc_peering,430
1788752402431000000,157.45,2,vpc_peering,431
1788752402432000000,171.65,2,vpc_peering,432
1788752402433000000,131.24,2,vpc_peering,433
1788752402434000000,173.08,2,vpc_peering,434
1788752402435000000,167.98,2,vpc_peering,435
1788752402436000000,171.36,2,vpc_peering,436
1788752402437000000,181.58,2,vpc_peering,437
1788752402438000000,182.57,2,vpc_peering,438
1788752402439000000,175.02,2,vpc_peering,439
1788752402440000000,171.74,2,vpc_peering,440
1788752402441000000,167.21,2,vpc_peering,441
1788752402442000000,153.12,2,vpc_peering,442
1788752402443000000,156.44,2,vpc_peering,443
1788752402444000000,179.8,2,vpc_peering,444
1788752402445000000,184.16,2,vpc_peering,445
1788752402446000000,187.34,2,vpc_peering,446
1788752402447000000,157.37,2,vpc_peering,447
1788752402448000000,175.08,2,vpc_peering,448
1788752402449000000,159.7,2,vpc_peering,449
1788752402450000000,175.33,2,vpc_peering,450
1788752402451000000,150.07,2,vpc_peering,451
1788752402452000000,167.07,2,vpc_peering,452
1788752402453000000,177.4,2,vpc_peering,453
1788752402454000000,165.94,2,vpc_peering,454
1788752402455000000,168.53,2,vpc_peering,455
1788752402456000000,163.64,2,vpc_peering,456
1788752402457000000,175.22,2,vpc_peering,457
1788752402458000000,147.11,2,vpc_peering,458
1788752402459000000,156.06,2,vpc_peering,459
1788752402460000000,171.33,2,vpc_peering,460
1788752402461000000,162.33,2,vpc_peering,461
1788752402462000000,186.83,2,vpc_peering,462
1788752402463000000,176.26,2,vpc_peering,463
1788752402464000000,169.03,2,vpc_peering,464
1788752402465000000,170.35,2,vpc_peering,465
1788752402466000000,165.76,2,vpc_peering,466
1788752402467000000,147.6,2,vpc_peering,467
1788752402468000000,152.78,2,vpc_peering,468
1788752402469000000,149.89,2,vpc_peering,469
1788752402470000000,187.2,2,vpc_peering,470
1788752402471000000,159.31,2,vpc_peering,471
1788752402472000000,173.31,2,vpc_peering,472
1788752402473000000,154.98,2,vpc_peering,473
1788752402474000000,172.57,2,vpc_peering,474
1788752402475000000,182.74,2,vpc_peering,475
1788752402476000000,166.56,2,vpc_peering,476
1788752402477000000,179.71,2,vpc_peering,477
1788752402478000000,183.6,2,vpc_peering,478
1788752402479000000,170.9,2,vpc_peering,479
1788752402480000000,162.68,2,vpc_peering,480
1788752402481000000,163.41,2,vpc_peering,481
1788752402482000000,166.31,2,vpc_peering,482
1788752402483000000,203.97,2,vpc_peering,483
1788752402484000000,161.62,2,vpc_peering,484
1788752402485000000,181.35,2,vpc_peering,485
1788752402486000000,183.48,2,vpc_peering,486
1788752402487000000,173.28,2,vpc_peering,487
1788752402488000000,173.85,2,vpc_peering,488
1788752402489000000,165.82,2,vpc_peering,489
1788752402490000000,176.57,2,vpc_peering,490
1788752402491000000,152.85,2,vpc_peering,491
1788752402492000000,163.89,2,vpc_peering,492
1788752402493000000,163.95,2,vpc_peering,493
1788752402494000000,170.08,2,vpc_peering,494
1788752402495000000,148.1,2,vpc_peering,495
1788752402496000000,156.25,2,vpc_peering,496
1788752402497000000,175.17,2,vpc_peering,497
1788752402498000000,152.0,2,vpc_peering,498
1788752402499000000,175.07,2,vpc_peering,499
1788752402500000000,182.12,2,vpc_peering,500
1788752402501000000,180.56,2,vpc_peering,501
1788752402502000000,181.67,2,vpc_peering,502
1788752402503000000,198.67,2,vpc_peering,503
1788752402504000000,179.07,2,vpc_peering,504
1788752402505000000,208.43,2,vpc_peering,505
1788752402506000000,199.26,2,vpc_peering,506
1788752402507000000,151.25,2,vpc_peering,507
1788752402508000000,181.76,2,vpc_peering,508
1788752402509000000,172.98,2,vpc_peering,509
1788752402510000000,171.0,2,vpc_peering,510
1788752402511000000,181.24,2,vpc_peering,511
1788752402512000000,170.85,2,vpc_peering,512
1788752402513000000,172.29,2,vpc_peering,513
1788752402514000000,167.46,2,vpc_peering,514
1788752402515000000,169.63,2,vpc_peering,515
1788752402516000000,185.75,2,vpc_peering,516
1788752402517000000,195.24,2,vpc_peering,517
1788752402518000000,167.31,2,vpc_peering,518
1788752402519000000,174.26,2,vpc_peering,519
1788752402520000000,168.16,2,vpc_peering,520
1788752402521000000,172.54,2,vpc_peering,521
1788752402522000000,167.49,2,vpc_peering,522
1788752402523000000,156.62,2,vpc_peering,523
1788752402524000000,186.13,2,vpc_peering,524
1788752402525000000,181.55,2,vpc_peering,525
1788752402526000000,159.13,2,vpc_peering,526
1788752402527000000,171.87,2,vpc_peering,527
1788752402528000000,155.56,2,vpc_peering,528
1788752402529000000,140.35,2,vpc_peering,529
1788752402530000000,194.07,2,vpc_peering,530
1788752402531000000,160.14,2,vpc_peering,531
1788752402532000000,180.04,2,vpc_peering,532
1788752402533000000,165.57,2,vpc_peering,533
1788752402534000000,170.83,2,vpc_peering,534
1788752402535000000,182.4,2,vpc_peering,535
1788752402536000000,180.99,2,vpc_peering,536
1788752402537000000,170.98,2,vpc_peering,537
1788752402538000000,176.34,2,vpc_peering,538
1788752402539000000,157.72,2,vpc_peering,539
1788752402540000000,148.35,2,vpc_peering,540
1788752402541000000,152.44,2,vpc_peering,541
1788752402542000000,170.57,2,vpc_peering,542
1788752402543000000,172.39,2,vpc_peering,543
1788752402544000000,151.22,2,vpc_peering,544
1788752402545000000,174.35,2,vpc_peering,545
1788752402546000000,187.67,2,vpc_peering,546
1788752402547000000,188.44,2,vpc_peering,547
1788752402548000000,160.1,2,vpc_peering,548
1788752402549000000,172.29,2,vpc_peering,549
1788752402550000000,178.89,2,vpc_peering,550
1788752402551000000,162.66,2,vpc_peering,551
1788752402552000000,161.41,2,vpc_peering,552
1788752402553000000,174.1,2,vpc_peering,553
1788752402554000000,184.75,2,vpc_peering,554
1788752402555000000,185.48,2,vpc_peering,555
1788752402556000000,160.52,2,vpc_peering,556
1788752402557000000,166.26,2,vpc_peering,557
1788752402558000000,185.71,2,vpc_peering,558
1788752402559000000,151.42,2,vpc_peering,559
1788752402560000000,172.4,2,vpc_peering,560
1788752402561000000,171.02,2,vpc_peering,561
1788752402562000000,178.85,2,vpc_peering,562
1788752402563000000,185.74,2,vpc_peering,563
1788752402564000000,169.11,2,vpc_peering,564
1788752402565000000,167.24,2,vpc_peering,565
1788752402566000000,192.56,2,vpc_peering,566
1788752402567000000,146.25,2,vpc_peering,567
1788752402568000000,152.34,2,vpc_peering,568
1788752402569000000,172.7,2,vpc_peering,569
1788752402570000000,172.44,2,vpc_peering,570
1788752402571000000,175.58,2,vpc_peering,571
1788752402572000000,177.23,2,vpc_peering,572
1788752402573000000,164.98,2,vpc_peering,573
1788752402574000000,169.62,2,vpc_peering,574
1788752402575000000,146.87,2,vpc_peering,575
1788752402576000000,177.49,2,vpc_peering,576
1788752402577000000,154.02,2,vpc_peering,577
1788752402578000000,156.12,2,vpc_peering,578
1788752402579000000,168.65,2,vpc_peering,579
1788752402580000000,200.47,2,vpc_peering,580
1788752402581000000,175.04,2,vpc_peering,581
1788752402582000000,166.64,2,vpc_peering,582
1788752402583000000,193.37,2,vpc_peering,583
1788752402584000000,185.23,2,vpc_peering,584
1788752402585000000,183.6,2,vpc_peering,585
1788752402586000000,165.26,2,vpc_peering,586
1788752402587000000,161.44,2,vpc_peering,587
1788752402588000000,185.3,2,vpc_peering,588
1788752402589000000,173.2,2,vpc_peering,589
1788752402590000000,164.16,2,vpc_peering,590
1788752402591000000,182.56,2,vpc_peering,591
1788752402592000000,163.36,2,vpc_peering,592
1788752402593000000,171.28,2,vpc_peering,593
1788752402594000000,165.41,2,vpc_peering,594
1788752402595000000,168.36,2,vpc_peering,595
1788752402596000000,159.54,2,vpc_peering,596
1788752402597000000,188.68,2,vpc_peering,597
1788752402598000000,154.35,2,vpc_peering,598
1788752402599000000,159.57,2,vpc_peering,599
1788752402600000000,168.35,2,vpc_peering,600
1788752402601000000,164.5,2,vpc_peering,601
1788752402602000000,184.49,2,vpc_peering,602
1788752402603000000,196.41,2,vpc_peering,603
1788752402604000000,193.15,2,vpc_peering,604
1788752402605000000,156.49,2,vpc_peering,605
1788752402606000000,161.32,2,vpc_peering,606
1788752402607000000,169.95,2,vpc_peering,607
1788752402608000000,178.93,2,vpc_peering,608
1788752402609000000,195.22,2,vpc_peering,609
1788752402610000000,163.21,2,vpc_peering,610
1788752402611000000,185.57,2,vpc_peering,611
1788752402612000000,170.96,2,vpc_peering,612
1788752402613000000,185.84,2,vpc_peering,613
1788752402614000000,176.39,2,vpc_peering,614
1788752402615000000,175.73,2,vpc_peering,615
1788752402616000000,180.31,2,vpc_peering,616
1788752402617000000,148.28,2,vpc_peering,617
1788752402618000000,189.11,2,vpc_peering,618
1788752402619000000,196.2,2,vpc_peering,619
1788752402620000000,204.18,2,vpc_peering,620
1788752402621000000,194.98,2,vpc_peering,621
1788752402622000000,179.16,2,vpc_peering,622
1788752402623000000,169.2,2,vpc_peering,623
1788752402624000000,194.43,2,vpc_peering,624
1788752402625000000,174.01,2,vpc_peering,625
1788752402626000000,166.52,2,vpc_peering,626
1788752402627000000,161.89,2,vpc_peering,627
1788752402628000000,159.25,2,vpc_peering,628
1788752402629000000,178.1,2,vpc_peering,629
1788752402630000000,153.71,2,vpc_peering,630
1788752402631000000,175.71,2,vpc_peering,631
1788752402632000000,166.44,2,vpc_peering,632
1788752402633000000,187.99,2,vpc_peering,633
1788752402634000000,138.67,2,vpc_peering,634
1788752402635000000,171.72,2,vpc_peering,635
1788752402636000000,187.07,2,vpc_peering,636
1788752402637000000,159.6,2,vpc_peering,637
1788752402638000000,159.34,2,vpc_peering,638
1788752402639000000,195.81,2,vpc_peering,639
1788752402640000000,187.14,2,vpc_peering,640
1788752402641000000,166.6,2,vpc_peering,641
1788752402642000000,181.8,2,vpc_peering,642
1788752402643000000,181.76,2,vpc_peering,643
1788752402644000000,175.67,2,vpc_peering,644
1788752402645000000,175.45,2,vpc_peering,645
1788752402646000000,166.97,2,vpc_peering,646
1788752402647000000,155.35,2,vpc_peering,647
1788752402648000000,160.69,2,vpc_peering,648
1788752402649000000,187.73,2,vpc_peering,649
1788752402650000000,177.55,2,vpc_peering,650
1788752402651000000,167.14,2,vpc_peering,651
1788752402652000000,171.02,2,vpc_peering,652
1788752402653000000,194.88,2,vpc_peering,653
1788752402654000000,190.87,2,vpc_peering,654
1788752402655000000,173.86,2,vpc_peering,655
1788752402656000000,179.67,2,vpc_peering,656
1788752402657000000,184.14,2,vpc_peering,657
1788752402658000000,145.63,2,vpc_peering,658
1788752402659000000,203.46,2,vpc_peering,659
1788752402660000000,170.7,2,vpc_peering,660
1788752402661000000,184.17,2,vpc_peering,661
1788752402662000000,158.78,2,vpc_peering,662
1788752402663000000,174.55,2,vpc_peering,663
1788752402664000000,170.73,2,vpc_peering,664
1788752402665000000,159.72,2,vpc_peering,665
1788752402666000000,187.94,2,vpc_peering,666
1788752402667000000,167.87,2,vpc_peering,667
1788752402668000000,162.86,2,vpc_peering,668
1788752402669000000,165.43,2,vpc_peering,669
1788752402670000000,192.62,2,vpc_peering,670
1788752402671000000,172.49,2,vpc_peering,671
1788752402672000000,166.34,2,vpc_peering,672
1788752402673000000,170.08,2,vpc_peering,673
1788752402674000000,194.32,2,vpc_peering,674
1788752402675000000,172.74,2,vpc_peering,675
1788752402676000000,191.19,2,vpc_peering,676
1788752402677000000,165.99,2,vpc_peering,677
1788752402678000000,175.19,2,vpc_peering,678
1788752402679000000,149.76,2,vpc_peering,679
1788752402680000000,148.72,2,vpc_peering,680
1788752402681000000,188.12,2,vpc_peering,681
1788752402682000000,169.38,2,vpc_peering,682
1788752402683000000,164.5,2,vpc_peering,683
1788752402684000000,192.44,2,vpc_peering,684
1788752402685000000,178.7,2,vpc_peering,685
1788752402686000000,176.4,2,vpc_peering,686
1788752402687000000,165.4,2,vpc_peering,687
1788752402688000000,199.0,2,vpc_peering,688
1788752402689000000,170.29,2,vpc_peering,689
1788752402690000000,162.29,2,vpc_peering,690
1788752402691000000,183.79,2,vpc_peering,691
1788752402692000000,161.24,2,vpc_peering,692
1788752402693000000,172.11,2,vpc_peering,693
1788752402694000000,165.47,2,vpc_peering,694
1788752402695000000,160.46,2,vpc_peering,695
1788752402696000000,173.38,2,vpc_peering,696
1788752402697000000,164.29,2,vpc_peering,697
1788752402698000000,167.51,2,vpc_peering,698
1788752402699000000,181.55,2,vpc_peering,699
1788752402700000000,191.29,2,vpc_peering,700
1788752402701000000,181.77,2,vpc_peering,701
1788752402702000000,201.37,2,vpc_peering,702
1788752402703000000,176.06,2,vpc_peering,703
1788752402704000000,158.54,2,vpc_peering,704
1788752402705000000,168.66,2,vpc_peering,705
1788752402706000000,165.77,2,vpc_peering,706
1788752402707000000,177.22,2,vpc_peering,707
1788752402708000000,189.93,2,vpc_peering,708
1788752402709000000,164.87,2,vpc_peering,709
1788752402710000000,168.16,2,vpc_peering,710
1788752402711000000,146.01,2,vpc_peering,711
1788752402712000000,163.9,2,vpc_peering,712
1788752402713000000,177.11,2,vpc_peering,713
1788752402714000000,165.96,2,vpc_peering,714
1788752402715000000,165.23,2,vpc_peering,715
1788752402716000000,176.27,2,vpc_peering,716
1788752402717000000,162.51,2,vpc_peering,717
1788752402718000000,177.21,2,vpc_peering,718
1788752402719000000,162.81,2,vpc_peering,719
1788752402720000000,143.32,2,vpc_peering,720
1788752402721000000,160.46,2,vpc_peering,721
1788752402722000000,165.61,2,vpc_peering,722
1788752402723000000,163.49,2,vpc_peering,723
1788752402724000000,181.55,2,vpc_peering,724
1788752402725000000,182.92,2,vpc_peering,725
1788752402726000000,174.37,2,vpc_peering,726
1788752402727000000,166.95,2,vpc_peering,727
1788752402728000000,190.01,2,vpc_peering,728
1788752402729000000,187.92,2,vpc_peering,729
1788752402730000000,169.46,2,vpc_peering,730
1788752402731000000,183.4,2,vpc_peering,731
1788752402732000000,163.22,2,vpc_peering,732
1788752402733000000,184.77,2,vpc_peering,733
1788752402734000000,169.68,2,vpc_peering,734
1788752402735000000,172.28,2,vpc_peering,735
1788752402736000000,173.63,2,vpc_peering,736
1788752402737000000,171.96,2,vpc_peering,737
1788752402738000000,161.15,2,vpc_peering,738
1788752402739000000,181.24,2,vpc_peering,739
1788752402740000000,137.94,2,vpc_peering,740
1788752402741000000,175.84,2,vpc_peering,741
1788752402742000000,148.04,2,vpc_peering,742
1788752402743000000,168.67,2,vpc_peering,743
1788752402744000000,160.64,2,vpc_peering,744
1788752402745000000,166.68,2,vpc_peering,745
1788752402746000000,177.75,2,vpc_peering,746
1788752402747000000,176.97,2,vpc_peering,747
1788752402748000000,180.21,2,vpc_peering,748
1788752402749000000,185.75,2,vpc_peering,749
1788752402750000000,198.86,2,vpc_peering,750
1788752402751000000,144.08,2,vpc_peering,751
1788752402752000000,171.42,2,vpc_peering,752
1788752402753000000,162.05,2,vpc_peering,753
1788752402754000000,178.61,2,vpc_peering,754
1788752402755000000,172.02,2,vpc_peering,755
1788752402756000000,179.02,2,vpc_peering,756
1788752402757000000,192.54,2,vpc_peering,757
1788752402758000000,181.91,2,vpc_peering,758
1788752402759000000,166.98,2,vpc_peering,759
1788752402760000000,166.28,2,vpc_peering,760
1788752402761000000,176.66,2,vpc_peering,761
1788752402762000000,174.14,2,vpc_peering,762
1788752402763000000,156.83,2,vpc_peering,763
1788752402764000000,190.67,2,vpc_peering,764
1788752402765000000,155.37,2,vpc_peering,765
1788752402766000000,178.78,2,vpc_peering,766
1788752402767000000,167.02,2,vpc_peering,767
1788752402768000000,174.98,2,vpc_peering,768
1788752402769000000,183.56,2,vpc_peering,769
1788752402770000000,171.76,2,vpc_peering,770
1788752402771000000,161.35,2,vpc_peering,771
1788752402772000000,179.77,2,vpc_peering,772
1788752402773000000,180.16,2,vpc_peering,773
1788752402774000000,185.91,2,vpc_peering,774
1788752402775000000,173.95,2,vpc_peering,775
1788752402776000000,174.5,2,vpc_peering,776
1788752402777000000,174.31,2,vpc_peering,777
1788752402778000000,153.6,2,vpc_peering,778
1788752402779000000,190.46,2,vpc_peering,779
1788752402780000000,152.03,2,vpc_peering,780
1788752402781000000,197.86,2,vpc_peering,781
1788752402782000000,154.92,2,vpc_peering,782
1788752402783000000,168.82,2,vpc_peering,783
1788752402784000000,137.59,2,vpc_peering,784
1788752402785000000,166.91,2,vpc_peering,785
1788752402786000000,164.76,2,vpc_peering,786
1788752402787000000,156.03,2,vpc_peering,787
1788752402788000000,160.84,2,vpc_peering,788
1788752402789000000,161.45,2,vpc_peering,789
1788752402790000000,163.36,2,vpc_peering,790
1788752402791000000,159.03,2,vpc_peering,791
1788752402792000000,192.55,2,vpc_peering,792
1788752402793000000,182.08,2,vpc_peering,793
1788752402794000000,168.19,2,vpc_peering,794
1788752402795000000,179.74,2,vpc_peering,795
1788752402796000000,152.36,2,vpc_peering,796
1788752402797000000,177.19,2,vpc_peering,797
1788752402798000000,176.77,2,vpc_peering,798
1788752402799000000,174.73,2,vpc_peering,799
1788752402800000000,169.4,2,vpc_peering,800
1788752402801000000,165.47,2,vpc_peering,801
1788752402802000000,175.9,2,vpc_peering,802
1788752402803000000,157.74,2,vpc_peering,803
1788752402804000000,183.5,2,vpc_peering,804
1788752402805000000,170.08,2,vpc_peering,805
1788752402806000000,180.91,2,vpc_peering,806
1788752402807000000,180.36,2,vpc_peering,807
1788752402808000000,154.4,2,vpc_peering,808
1788752402809000000,172.09,2,vpc_peering,809
1788752402810000000,204.78,2,vpc_peering,810
1788752402811000000,156.09,2,vpc_peering,811
1788752402812000000,173.09,2,vpc_peering,812
1788752402813000000,170.03,2,vpc_peering,813
1788752402814000000,179.81,2,vpc_peering,814
1788752402815000000,177.48,2,vpc_peering,815
1788752402816000000,172.16,2,vpc_peering,816
1788752402817000000,171.52,2,vpc_peering,817
1788752402818000000,160.05,2,vpc_peering,818
1788752402819000000,178.02,2,vpc_peering,819
1788752402820000000,184.54,2,vpc_peering,820
1788752402821000000,200.4,2,vpc_peering,821
1788752402822000000,194.72,2,vpc_peering,822
1788752402823000000,185.84,2,vpc_peering,823
1788752402824000000,159.46,2,vpc_peering,824
1788752402825000000,154.2,2,vpc_peering,825
1788752402826000000,170.36,2,vpc_peering,826
1788752402827000000,193.7,2,vpc_peering,827
1788752402828000000,159.23,2,vpc_peering,828
1788752402829000000,181.09,2,vpc_peering,829
1788752402830000000,179.88,2,vpc_peering,830
1788752402831000000,166.98,2,vpc_peering,831
1788752402832000000,172.44,2,vpc_peering,832
1788752402833000000,189.16,2,vpc_peering,833
1788752402834000000,170.09,2,vpc_peering,834
1788752402835000000,168.66,2,vpc_peering,835
1788752402836000000,163.92,2,vpc_peering,836
1788752402837000000,172.58,2,vpc_peering,837
1788752402838000000,154.81,2,vpc_peering,838
1788752402839000000,184.82,2,vpc_peering,839
1788752402840000000,176.0,2,vpc_peering,840
1788752402841000000,153.57,2,vpc_peering,841
1788752402842000000,168.6,2,vpc_peering,842
1788752402843000000,177.65,2,vpc_peering,843
1788752402844000000,162.89,2,vpc_peering,844
1788752402845000000,164.1,2,vpc_peering,845
1788752402846000000,168.04,2,vpc_peering,846
1788752402847000000,151.41,2,vpc_peering,847
1788752402848000000,176.12,2,vpc_peering,848
1788752402849000000,176.25,2,vpc_peering,849
1788752402850000000,158.37,2,vpc_peering,850
1788752402851000000,180.93,2,vpc_peering,851
1788752402852000000,180.43,2,vpc_peering,852
1788752402853000000,168.8,2,vpc_peering,853
1788752402854000000,174.07,2,vpc_peering,854
1788752402855000000,144.89,2,vpc_peering,855
1788752402856000000,184.91,2,vpc_peering,856
1788752402857000000,188.39,2,vpc_peering,857
1788752402858000000,153.82,2,vpc_peering,858
1788752402859000000,154.03,2,vpc_peering,859
1788752402860000000,164.28,2,vpc_peering,860
1788752402861000000,154.12,2,vpc_peering,861
1788752402862000000,178.66,2,vpc_peering,862
1788752402863000000,173.49,2,vpc_peering,863
1788752402864000000,176.62,2,vpc_peering,864
1788752402865000000,165.86,2,vpc_peering,865
1788752402866000000,185.66,2,vpc_peering,866
1788752402867000000,158.74,2,vpc_peering,867
1788752402868000000,178.32,2,vpc_peering,868
1788752402869000000,200.85,2,vpc_peering,869
1788752402870000000,176.3,2,vpc_peering,870
1788752402871000000,147.66,2,vpc_peering,871
1788752402872000000,169.88,2,vpc_peering,872
1788752402873000000,193.12,2,vpc_peering,873
1788752402874000000,156.96,2,vpc_peering,874
1788752402875000000,159.84,2,vpc_peering,875
1788752402876000000,184.95,2,vpc_peering,876
1788752402877000000,159.31,2,vpc_peering,877
1788752402878000000,152.02,2,vpc_peering,878
1788752402879000000,160.99,2,vpc_peering,879
1788752402880000000,143.78,2,vpc_peering,880
1788752402881000000,176.14,2,vpc_peering,881
1788752402882000000,165.97,2,vpc_peering,882
1788752402883000000,179.38,2,vpc_peering,883
1788752402884000000,152.13,2,vpc_peering,884
1788752402885000000,161.06,2,vpc_peering,885
1788752402886000000,183.54,2,vpc_peering,886
1788752402887000000,191.33,2,vpc_peering,887
1788752402888000000,175.82,2,vpc_peering,888
1788752402889000000,150.15,2,vpc_peering,889
1788752402890000000,174.0,2,vpc_peering,890
1788752402891000000,172.99,2,vpc_peering,891
1788752402892000000,167.39,2,vpc_peering,892
1788752402893000000,175.89,2,vpc_peering,893
1788752402894000000,173.47,2,vpc_peering,894
1788752402895000000,168.42,2,vpc_peering,895
1788752402896000000,186.29,2,vpc_peering,896
1788752402897000000,186.74,2,vpc_peering,897
1788752402898000000,181.55,2,vpc_peering,898
1788752402899000000,161.9,2,vpc_peering,899
1788752402900000000,165.86,2,vpc_peering,900
1788752402901000000,154.89,2,vpc_peering,901
1788752402902000000,167.97,2,vpc_peering,902
1788752402903000000,175.78,2,vpc_peering,903
1788752402904000000,163.68,2,vpc_peering,904
1788752402905000000,190.63,2,vpc_peering,905
1788752402906000000,157.04,2,vpc_peering,906
1788752402907000000,156.94,2,vpc_peering,907
1788752402908000000,171.57,2,vpc_peering,908
1788752402909000000,184.7,2,vpc_peering,909
1788752402910000000,186.92,2,vpc_peering,910
1788752402911000000,168.74,2,vpc_peering,911
1788752402912000000,167.34,2,vpc_peering,912
1788752402913000000,219.41,2,vpc_peering,913
1788752402914000000,184.8,2,vpc_peering,914
1788752402915000000,179.62,2,vpc_peering,915
1788752402916000000,180.15,2,vpc_peering,916
1788752402917000000,177.49,2,vpc_peering,917
1788752402918000000,187.14,2,vpc_peering,918
1788752402919000000,170.53,2,vpc_peering,919
1788752402920000000,173.4,2,vpc_peering,920
1788752402921000000,176.47,2,vpc_peering,921
1788752402922000000,177.76,2,vpc_peering,922
1788752402923000000,191.62,2,vpc_peering,923
1788752402924000000,195.48,2,vpc_peering,924
1788752402925000000,178.0,2,vpc_peering,925
1788752402926000000,162.1,2,vpc_peering,926
1788752402927000000,178.27,2,vpc_peering,927
1788752402928000000,170.71,2,vpc_peering,928
1788752402929000000,149.63,2,vpc_peering,929
1788752402930000000,173.07,2,vpc_peering,930
1788752402931000000,177.61,2,vpc_peering,931
1788752402932000000,178.61,2,vpc_peering,932
1788752402933000000,182.44,2,vpc_peering,933
1788752402934000000,191.57,2,vpc_peering,934
1788752402935000000,164.01,2,vpc_peering,935
1788752402936000000,182.32,2,vpc_peering,936
1788752402937000000,169.54,2,vpc_peering,937
1788752402938000000,166.4,2,vpc_peering,938
1788752402939000000,164.21,2,vpc_peering,939
1788752402940000000,160.31,2,vpc_peering,940
1788752402941000000,180.64,2,vpc_peering,941
1788752402942000000,162.62,2,vpc_peering,942
1788752402943000000,162.38,2,vpc_peering,943
1788752402944000000,169.95,2,vpc_peering,944
1788752402945000000,192.09,2,vpc_peering,945
1788752402946000000,157.35,2,vpc_peering,946
1788752402947000000,167.87,2,vpc_peering,947
1788752402948000000,202.09,2,vpc_peering,948
1788752402949000000,182.83,2,vpc_peering,949
1788752402950000000,171.95,2,vpc_peering,950
1788752402951000000,181.29,2,vpc_peering,951
1788752402952000000,150.03,2,vpc_peering,952
1788752402953000000,169.03,2,vpc_peering,953
1788752402954000000,177.93,2,vpc_peering,954
1788752402955000000,170.83,2,vpc_peering,955
1788752402956000000,172.99,2,vpc_peering,956
1788752402957000000,183.92,2,vpc_peering,957
1788752402958000000,161.85,2,vpc_peering,958
1788752402959000000,200.53,2,vpc_peering,959
1788752402960000000,181.59,2,vpc_peering,960
1788752402961000000,171.46,2,vpc_peering,961
1788752402962000000,174.71,2,vpc_peering,962
1788752402963000000,177.59,2,vpc_peering,963
1788752402964000000,166.1,2,vpc_peering,964
1788752402965000000,167.27,2,vpc_peering,965
1788752402966000000,182.27,2,vpc_peering,966
1788752402967000000,179.47,2,vpc_peering,967
1788752402968000000,137.81,2,vpc_peering,968
1788752402969000000,166.51,2,vpc_peering,969
1788752402970000000,174.4,2,vpc_peering,970
1788752402971000000,159.77,2,vpc_peering,971
1788752402972000000,193.12,2,vpc_peering,972
1788752402973000000,195.42,2,vpc_peering,973
1788752402974000000,185.23,2,vpc_peering,974
1788752402975000000,174.85,2,vpc_peering,975
1788752402976000000,183.86,2,vpc_peering,976
1788752402977000000,201.5,2,vpc_peering,977
1788752402978000000,167.66,2,vpc_peering,978
1788752402979000000,161.42,2,vpc_peering,979
1788752402980000000,180.17,2,vpc_peering,980
1788752402981000000,178.7,2,vpc_peering,981
1788752402982000000,192.52,2,vpc_peering,982
1788752402983000000,178.32,2,vpc_peering,983
1788752402984000000,168.15,2,vpc_peering,984
1788752402985000000,163.41,2,vpc_peering,985
1788752402986000000,188.35,2,vpc_peering,986
1788752402987000000,198.05,2,vpc_peering,987
1788752402988000000,174.73,2,vpc_peering,988
1788752402989000000,213.39,2,vpc_peering,989
1788752402990000000,170.53,2,vpc_peering,990
1788752402991000000,181.62,2,vpc_peering,991
1788752402992000000,159.9,2,vpc_peering,992
1788752402993000000,159.58,2,vpc_peering,993
1788752402994000000,188.46,2,vpc_peering,994
1788752402995000000,168.86,2,vpc_peering,995
1788752402996000000,147.7,2,vpc_peering,996
1788752402997000000,151.98,2,vpc_peering,997
1788752402998000000,147.22,2,vpc_peering,998
1788752402999000000,161.34,2,vpc_peering,999
1788752403000000000,157.89,2,vpc_peering,1000
1788752403001000000,918.96,2,transit_gateway,1
1788752403002000000,771.98,2,transit_gateway,2
1788752403003000000,869.68,2,transit_gateway,3
1788752403004000000,943.42,2,transit_gateway,4
1788752403005000000,875.84,2,transit_gateway,5
1788752403006000000,775.24,2,transit_gateway,6
1788752403007000000,710.67,2,transit_gateway,7
1788752403008000000,808.83,2,transit_gateway,8
1788752403009000000,788.3,2,transit_gateway,9
1788752403010000000,779.68,2,transit_gateway,10
1788752403011000000,868.18,2,transit_gateway,11
1788752403012000000,900.88,2,transit_gateway,12
1788752403013000000,903.96,2,transit_gateway,13
1788752403014000000,868.67,2,transit_gateway,14
1788752403015000000,805.46,2,transit_gateway,15
1788752403016000000,955.13,2,transit_gateway,16
1788752403017000000,772.97,2,transit_gateway,17
1788752403018000000,827.48,2,transit_gateway,18
1788752403019000000,826.51,2,transit_gateway,19
1788752403020000000,732.4,2,transit_gateway,20
1788752403021000000,970.32,2,transit_gateway,21
1788752403022000000,727.15,2,transit_gateway,22
1788752403023000000,795.49,2,transit_gateway,23
1788752403024000000,823.92,2,transit_gateway,24
1788752403025000000,641.41,2,transit_gateway,25
1788752403026000000,808.37,2,transit_gateway,26
1788752403027000000,824.39,2,transit_gateway,27
1788752403028000000,787.58,2,transit_gateway,28
1788752403029000000,775.47,2,transit_gateway,29
1788752403030000000,877.6,2,transit_gateway,30
1788752403031000000,913.78,2,transit_gateway,31
1788752403032000000,850.73,2,transit_gateway,32
1788752403033000000,694.9,2,transit_gateway,33
1788752403034000000,923.1,2,transit_gateway,34
1788752403035000000,894.2,2,transit_gateway,35
1788752403036000000,825.35,2,transit_gateway,36
1788752403037000000,831.13,2,transit_gateway,37
1788752403038000000,827.86,2,transit_gateway,38
1788752403039000000,903.58,2,transit_gateway,39
1788752403040000000,779.13,2,transit_gateway,40
1788752403041000000,806.56,2,transit_gateway,41
1788752403042000000,800.56,2,transit_gateway,42
1788752403043000000,793.42,2,transit_gateway,43
1788752403044000000,802.77,2,transit_gateway,44
1788752403045000000,771.69,2,transit_gateway,45
1788752403046000000,850.23,2,transit_gateway,46
1788752403047000000,830.49,2,transit_gateway,47
1788752403048000000,844.59,2,transit_gateway,48
1788752403049000000,875.56,2,transit_gateway,49
1788752403050000000,795.94,2,transit_gateway,50
1788752403051000000,855.42,2,transit_gateway,51
1788752403052000000,926.82,2,transit_gateway,52
1788752403053000000,799.4,2,transit_gateway,53
1788752403054000000,817.44,2,transit_gateway,54
1788752403055000000,758.3,2,transit_gateway,55
1788752403056000000,895.12,2,transit_gateway,56
1788752403057000000,814.14,2,transit_gateway,57
1788752403058000000,741.02,2,transit_gateway,58
1788752403059000000,830.33,2,transit_gateway,59
1788752403060000000,732.61,2,transit_gateway,60
1788752403061000000,873.36,2,transit_gateway,61
1788752403062000000,755.55,2,transit_gateway,62
1788752403063000000,896.02,2,transit_gateway,63
1788752403064000000,920.78,2,transit_gateway,64
1788752403065000000,891.51,2,transit_gateway,65
1788752403066000000,753.49,2,transit_gateway,66
1788752403067000000,793.24,2,transit_gateway,67
1788752403068000000,804.91,2,transit_gateway,68
1788752403069000000,796.17,2,transit_gateway,69
1788752403070000000,736.59,2,transit_gateway,70
1788752403071000000,884.88,2,transit_gateway,71
1788752403072000000,635.72,2,transit_gateway,72
1788752403073000000,826.14,2,transit_gateway,73
1788752403074000000,896.02,2,transit_gateway,74
1788752403075000000,810.96,2,transit_gateway,75
1788752403076000000,770.62,2,transit_gateway,76
1788752403077000000,678.95,2,transit_gateway,77
1788752403078000000,758.41,2,transit_gateway,78
1788752403079000000,955.53,2,transit_gateway,79
1788752403080000000,823.6,2,transit_gateway,80
1788752403081000000,903.6,2,transit_gateway,81
1788752403082000000,961.97,2,transit_gateway,82
1788752403083000000,740.05,2,transit_gateway,83
1788752403084000000,774.92,2,transit_gateway,84
1788752403085000000,775.95,2,transit_gateway,85
1788752403086000000,820.66,2,transit_gateway,86
1788752403087000000,711.41,2,transit_gateway,87
1788752403088000000,893.93,2,transit_gateway,88
1788752403089000000,806.04,2,transit_gateway,89
1788752403090000000,896.88,2,transit_gateway,90
1788752403091000000,822.17,2,transit_gateway,91
1788752403092000000,801.5,2,transit_gateway,92
1788752403093000000,764.69,2,transit_gateway,93
1788752403094000000,862.78,2,transit_gateway,94
1788752403095000000,806.2,2,transit_gateway,95
1788752403096000000,884.02,2,transit_gateway,96
1788752403097000000,826.26,2,transit_gateway,97
1788752403098000000,784.6,2,transit_gateway,98
1788752403099000000,846.26,2,transit_gateway,99
1788752403100000000,725.89,2,transit_gateway,100
1788752403101000000,837.05,2,transit_gateway,101
1788752403102000000,854.33,2,transit_gateway,102
1788752403103000000,752.45,2,transit_gateway,103
1788752403104000000,738.81,2,transit_gateway,104
1788752403105000000,780.16,2,transit_gateway,105
1788752403106000000,881.68,2,transit_gateway,106
1788752403107000000,778.44,2,transit_gateway,107
1788752403108000000,785.44,2,transit_gateway,108
1788752403109000000,758.87,2,transit_gateway,109
1788752403110000000,731.81,2,transit_gateway,110
1788752403111000000,900.07,2,transit_gateway,111
1788752403112000000,760.59,2,transit_gateway,112
1788752403113000000,752.7,2,transit_gateway,113
1788752403114000000,807.82,2,transit_gateway,114
1788752403115000000,744.2,2,transit_gateway,115
1788752403116000000,825.05,2,transit_gateway,116
1788752403117000000,778.92,2,transit_gateway,117
1788752403118000000,840.74,2,transit_gateway,118
1788752403119000000,846.3,2,transit_gateway,119
1788752403120000000,806.62,2,transit_gateway,120
1788752403121000000,862.8,2,transit_gateway,121
1788752403122000000,724.36,2,transit_gateway,122
1788752403123000000,820.82,2,transit_gateway,123
1788752403124000000,744.66,2,transit_gateway,124
1788752403125000000,706.0,2,transit_gateway,125
1788752403126000000,848.99,2,transit_gateway,126
1788752403127000000,887.34,2,transit_gateway,127
1788752403128000000,787.07,2,transit_gateway,128
1788752403129000000,824.14,2,transit_gateway,129
1788752403130000000,892.83,2,transit_gateway,130
1788752403131000000,807.37,2,transit_gateway,131
1788752403132000000,916.41,2,transit_gateway,132
1788752403133000000,839.55,2,transit_gateway,133
1788752403134000000,936.39,2,transit_gateway,134
1788752403135000000,731.25,2,transit_gateway,135
1788752403136000000,727.36,2,transit_gateway,136
1788752403137000000,826.89,2,transit_gateway,137
1788752403138000000,787.25,2,transit_gateway,138
1788752403139000000,768.56,2,transit_gateway,139
1788752403140000000,729.27,2,transit_gateway,140
1788752403141000000,798.16,2,transit_gateway,141
1788752403142000000,714.13,2,transit_gateway,142
1788752403143000000,774.03,2,transit_gateway,143
1788752403144000000,860.6,2,transit_gateway,144
1788752403145000000,849.75,2,transit_gateway,145
1788752403146000000,732.45,2,transit_gateway,146
1788752403147000000,887.5,2,transit_gateway,147
1788752403148000000,778.64,2,transit_gateway,148
1788752403149000000,777.59,2,transit_gateway,149
1788752403150000000,1008.68,2,transit_gateway,150
1788752403151000000,784.96,2,transit_gateway,151
1788752403152000000,777.72,2,transit_gateway,152
1788752403153000000,767.3,2,transit_gateway,153
1788752403154000000,785.5,2,transit_gateway,154
1788752403155000000,774.88,2,transit_gateway,155
1788752403156000000,721.23,2,transit_gateway,156
1788752403157000000,794.05,2,transit_gateway,157
1788752403158000000,688.43,2,transit_gateway,158
1788752403159000000,869.94,2,transit_gateway,159
1788752403160000000,827.11,2,transit_gateway,160
1788752403161000000,720.62,2,transit_gateway,161
1788752403162000000,799.19,2,transit_gateway,162
1788752403163000000,806.95,2,transit_gateway,163
1788752403164000000,825.09,2,transit_gateway,164
1788752403165000000,825.39,2,transit_gateway,165
1788752403166000000,775.94,2,transit_gateway,166
1788752403167000000,818.86,2,transit_gateway,167
1788752403168000000,849.39,2,transit_gateway,168
1788752403169000000,748.29,2,transit_gateway,169
1788752403170000000,915.52,2,transit_gateway,170
1788752403171000000,771.32,2,transit_gateway,171
1788752403172000000,981.04,2,transit_gateway,172
1788752403173000000,835.66,2,transit_gateway,173
1788752403174000000,816.92,2,transit_gateway,174
1788752403175000000,718.16,2,transit_gateway,175
1788752403176000000,790.78,2,transit_gateway,176
1788752403177000000,925.34,2,transit_gateway,177
1788752403178000000,820.71,2,transit_gateway,178
1788752403179000000,911.14,2,transit_gateway,179
1788752403180000000,818.62,2,transit_gateway,180
1788752403181000000,707.15,2,transit_gateway,181
1788752403182000000,834.25,2,transit_gateway,182
1788752403183000000,782.49,2,transit_gateway,183
1788752403184000000,765.64,2,transit_gateway,184
1788752403185000000,762.11,2,transit_gateway,185
1788752403186000000,853.45,2,transit_gateway,186
1788752403187000000,961.43,2,transit_gateway,187
1788752403188000000,863.36,2,transit_gateway,188
1788752403189000000,830.37,2,transit_gateway,189
1788752403190000000,850.64,2,transit_gateway,190
1788752403191000000,791.59,2,transit_gateway,191
1788752403192000000,742.75,2,transit_gateway,192
1788752403193000000,831.28,2,transit_gateway,193
1788752403194000000,784.2,2,transit_gateway,194
1788752403195000000,815.44,2,transit_gateway,195
1788752403196000000,847.55,2,transit_gateway,196
1788752403197000000,750.83,2,transit_gateway,197
1788752403198000000,832.42,2,transit_gateway,198
1788752403199000000,1021.83,2,transit_gateway,199
1788752403200000000,778.8,2,transit_gateway,200
1788752403201000000,826.26,2,transit_gateway,201
1788752403202000000,779.02,2,transit_gateway,202
1788752403203000000,869.64,2,transit_gateway,203
1788752403204000000,797.92,2,transit_gateway,204
1788752403205000000,792.1,2,transit_gateway,205
1788752403206000000,733.67,2,transit_gateway,206
1788752403207000000,867.4,2,transit_gateway,207
1788752403208000000,767.47,2,transit_gateway,208
1788752403209000000,982.81,2,transit_gateway,209
1788752403210000000,836.27,2,transit_gateway,210
1788752403211000000,943.7,2,transit_gateway,211
1788752403212000000,769.37,2,transit_gateway,212
1788752403213000000,814.67,2,transit_gateway,213
1788752403214000000,765.24,2,transit_gateway,214
1788752403215000000,789.6,2,transit_gateway,215
1788752403216000000,749.77,2,transit_gateway,216
1788752403217000000,790.15,2,transit_gateway,217
1788752403218000000,805.92,2,transit_gateway,218
1788752403219000000,806.92,2,transit_gateway,219
1788752403220000000,678.97,2,transit_gateway,220
1788752403221000000,791.31,2,transit_gateway,221
1788752403222000000,695.71,2,transit_gateway,222
1788752403223000000,812.54,2,transit_gateway,223
1788752403224000000,819.59,2,transit_gateway,224
1788752403225000000,779.2,2,transit_gateway,225
1788752403226000000,860.28,2,transit_gateway,226
1788752403227000000,687.46,2,transit_gateway,227
1788752403228000000,779.08,2,transit_gateway,228
1788752403229000000,679.3,2,transit_gateway,229
1788752403230000000,896.68,2,transit_gateway,230
1788752403231000000,774.66,2,transit_gateway,231
1788752403232000000,836.9,2,transit_gateway,232
1788752403233000000,810.38,2,transit_gateway,233
1788752403234000000,674.84,2,transit_gateway,234
1788752403235000000,957.17,2,transit_gateway,235
1788752403236000000,777.74,2,transit_gateway,236
1788752403237000000,738.25,2,transit_gateway,237
1788752403238000000,755.11,2,transit_gateway,238
1788752403239000000,747.4,2,transit_gateway,239
1788752403240000000,799.89,2,transit_gateway,240
1788752403241000000,972.88,2,transit_gateway,241
1788752403242000000,738.82,2,transit_gateway,242
1788752403243000000,789.83,2,transit_gateway,243
1788752403244000000,857.09,2,transit_gateway,244
1788752403245000000,805.64,2,transit_gateway,245
1788752403246000000,941.4,2,transit_gateway,246
1788752403247000000,824.04,2,transit_gateway,247
1788752403248000000,765.61,2,transit_gateway,248
1788752403249000000,832.93,2,transit_gateway,249
1788752403250000000,774.43,2,transit_gateway,250
1788752403251000000,792.95,2,transit_gateway,251
1788752403252000000,748.28,2,transit_gateway,252
1788752403253000000,826.24,2,transit_gateway,253
1788752403254000000,691.59,2,transit_gateway,254
1788752403255000000,808.7,2,transit_gateway,255
1788752403256000000,958.69,2,transit_gateway,256
1788752403257000000,754.44,2,transit_gateway,257
1788752403258000000,859.2,2,transit_gateway,258
1788752403259000000,616.57,2,transit_gateway,259
1788752403260000000,924.61,2,transit_gateway,260
1788752403261000000,799.92,2,transit_gateway,261
1788752403262000000,756.72,2,transit_gateway,262
1788752403263000000,952.67,2,transit_gateway,263
1788752403264000000,891.64,2,transit_gateway,264
1788752403265000000,788.44,2,transit_gateway,265
1788752403266000000,791.05,2,transit_gateway,266
1788752403267000000,885.97,2,transit_gateway,267
1788752403268000000,778.6,2,transit_gateway,268
1788752403269000000,746.46,2,transit_gateway,269
1788752403270000000,658.52,2,transit_gateway,270
1788752403271000000,893.9,2,transit_gateway,271
1788752403272000000,627.22,2,transit_gateway,272
1788752403273000000,698.51,2,transit_gateway,273
1788752403274000000,821.93,2,transit_gateway,274
1788752403275000000,744.48,2,transit_gateway,275
1788752403276000000,805.99,2,transit_gateway,276
1788752403277000000,733.51,2,transit_gateway,277
1788752403278000000,829.94,2,transit_gateway,278
1788752403279000000,760.11,2,transit_gateway,279
1788752403280000000,816.93,2,transit_gateway,280
1788752403281000000,748.83,2,transit_gateway,281
1788752403282000000,803.72,2,transit_gateway,282
1788752403283000000,830.43,2,transit_gateway,283
1788752403284000000,878.2,2,transit_gateway,284
1788752403285000000,890.2,2,transit_gateway,285
1788752403286000000,739.46,2,transit_gateway,286
1788752403287000000,762.45,2,transit_gateway,287
1788752403288000000,835.73,2,transit_gateway,288
1788752403289000000,859.64,2,transit_gateway,289
1788752403290000000,852.84,2,transit_gateway,290
1788752403291000000,808.86,2,transit_gateway,291
1788752403292000000,887.33,2,transit_gateway,292
1788752403293000000,766.74,2,transit_gateway,293
1788752403294000000,853.62,2,transit_gateway,294
1788752403295000000,789.68,2,transit_gateway,295
1788752403296000000,920.57,2,transit_gateway,296
1788752403297000000,792.62,2,transit_gateway,297
1788752403298000000,901.59,2,transit_gateway,298
1788752403299000000,859.37,2,transit_gateway,299
1788752403300000000,810.12,2,transit_gateway,300
1788752403301000000,722.99,2,transit_gateway,301
1788752403302000000,892.39,2,transit_gateway,302
1788752403303000000,831.32,2,transit_gateway,303
1788752403304000000,893.87,2,transit_gateway,304
1788752403305000000,864.72,2,transit_gateway,305
1788752403306000000,936.25,2,transit_gateway,306
1788752403307000000,713.65,2,transit_gateway,307
1788752403308000000,746.72,2,transit_gateway,308
1788752403309000000,778.52,2,transit_gateway,309
1788752403310000000,848.7,2,transit_gateway,310
1788752403311000000,748.36,2,transit_gateway,311
1788752403312000000,888.17,2,transit_gateway,312
1788752403313000000,708.64,2,transit_gateway,313
1788752403314000000,785.61,2,transit_gateway,314
1788752403315000000,738.12,2,transit_gateway,315
1788752403316000000,867.77,2,transit_gateway,316
1788752403317000000,822.09,2,transit_gateway,317
1788752403318000000,844.85,2,transit_gateway,318
1788752403319000000,898.34,2,transit_gateway,319
1788752403320000000,800.8,2,transit_gateway,320
1788752403321000000,843.2,2,transit_gateway,321
1788752403322000000,635.85,2,transit_gateway,322
1788752403323000000,933.51,2,transit_gateway,323
1788752403324000000,888.12,2,transit_gateway,324
1788752403325000000,830.38,2,transit_gateway,325
1788752403326000000,856.46,2,transit_gateway,326
1788752403327000000,814.92,2,transit_gateway,327
1788752403328000000,881.06,2,transit_gateway,328
1788752403329000000,702.61,2,transit_gateway,329
1788752403330000000,839.64,2,transit_gateway,330
1788752403331000000,855.2,2,transit_gateway,331
1788752403332000000,854.84,2,transit_gateway,332
1788752403333000000,864.37,2,transit_gateway,333
1788752403334000000,734.95,2,transit_gateway,334
1788752403335000000,831.75,2,transit_gateway,335
1788752403336000000,731.74,2,transit_gateway,336
1788752403337000000,816.87,2,transit_gateway,337
1788752403338000000,757.52,2,transit_gateway,338
1788752403339000000,815.9,2,transit_gateway,339
1788752403340000000,852.32,2,transit_gateway,340
1788752403341000000,825.21,2,transit_gateway,341
1788752403342000000,740.91,2,transit_gateway,342
1788752403343000000,900.1,2,transit_gateway,343
1788752403344000000,769.43,2,transit_gateway,344
1788752403345000000,675.9,2,transit_gateway,345
1788752403346000000,742.76,2,transit_gateway,346
1788752403347000000,779.55,2,transit_gateway,347
1788752403348000000,683.25,2,transit_gateway,348
1788752403349000000,712.84,2,transit_gateway,349
1788752403350000000,851.57,2,transit_gateway,350
1788752403351000000,714.99,2,transit_gateway,351
1788752403352000000,840.43,2,transit_gateway,352
1788752403353000000,870.54,2,transit_gateway,353
1788752403354000000,821.49,2,transit_gateway,354
1788752403355000000,889.75,2,transit_gateway,355
1788752403356000000,748.49,2,transit_gateway,356
1788752403357000000,782.3,2,transit_gateway,357
1788752403358000000,767.63,2,transit_gateway,358
1788752403359000000,951.96,2,transit_gateway,359
1788752403360000000,734.49,2,transit_gateway,360
1788752403361000000,873.48,2,transit_gateway,361
1788752403362000000,620.74,2,transit_gateway,362
1788752403363000000,888.25,2,transit_gateway,363
1788752403364000000,800.86,2,transit_gateway,364
1788752403365000000,860.19,2,transit_gateway,365
1788752403366000000,840.67,2,transit_gateway,366
1788752403367000000,809.0,2,transit_gateway,367
1788752403368000000,788.74,2,transit_gateway,368
1788752403369000000,836.39,2,transit_gateway,369
1788752403370000000,958.83,2,transit_gateway,370
1788752403371000000,752.8,2,transit_gateway,371
1788752403372000000,732.39,2,transit_gateway,372
1788752403373000000,819.93,2,transit_gateway,373
1788752403374000000,842.77,2,transit_gateway,374
1788752403375000000,780.54,2,transit_gateway,375
1788752403376000000,848.78,2,transit_gateway,376
1788752403377000000,776.78,2,transit_gateway,377
1788752403378000000,810.76,2,transit_gateway,378
1788752403379000000,903.11,2,transit_gateway,379
1788752403380000000,685.63,2,transit_gateway,380
1788752403381000000,769.99,2,transit_gateway,381
1788752403382000000,813.42,2,transit_gateway,382
1788752403383000000,717.0,2,transit_gateway,383
1788752403384000000,703.3,2,transit_gateway,384
1788752403385000000,772.53,2,transit_gateway,385
1788752403386000000,868.79,2,transit_gateway,386
1788752403387000000,755.17,2,transit_gateway,387
1788752403388000000,782.06,2,transit_gateway,388
1788752403389000000,731.11,2,transit_gateway,389
1788752403390000000,800.75,2,transit_gateway,390
1788752403391000000,713.41,2,transit_gateway,391
1788752403392000000,746.78,2,transit_gateway,392
1788752403393000000,810.1,2,transit_gateway,393
1788752403394000000,806.57,2,transit_gateway,394
1788752403395000000,819.06,2,transit_gateway,395
1788752403396000000,706.87,2,transit_gateway,396
1788752403397000000,946.48,2,transit_gateway,397
1788752403398000000,764.85,2,transit_gateway,398
1788752403399000000,761.55,2,transit_gateway,399
1788752403400000000,839.33,2,transit_gateway,400
1788752403401000000,835.19,2,transit_gateway,401
1788752403402000000,809.27,2,transit_gateway,402
1788752403403000000,790.37,2,transit_gateway,403
1788752403404000000,811.83,2,transit_gateway,404
1788752403405000000,837.94,2,transit_gateway,405
1788752403406000000,815.37,2,transit_gateway,406
1788752403407000000,899.95,2,transit_gateway,407
1788752403408000000,827.95,2,transit_gateway,408
1788752403409000000,802.81,2,transit_gateway,409
1788752403410000000,908.53,2,transit_gateway,410
1788752403411000000,842.95,2,transit_gateway,411
1788752403412000000,788.72,2,transit_gateway,412
1788752403413000000,743.54,2,transit_gateway,413
1788752403414000000,812.9,2,transit_gateway,414
1788752403415000000,859.54,2,transit_gateway,415
1788752403416000000,828.14,2,transit_gateway,416
1788752403417000000,776.58,2,transit_gateway,417
1788752403418000000,810.06,2,transit_gateway,418
1788752403419000000,781.37,2,transit_gateway,419
1788752403420000000,826.67,2,transit_gateway,420
1788752403421000000,789.89,2,transit_gateway,421
1788752403422000000,833.58,2,transit_gateway,422
1788752403423000000,774.23,2,transit_gateway,423
1788752403424000000,823.48,2,transit_gateway,424
1788752403425000000,784.68,2,transit_gateway,425
1788752403426000000,876.0,2,transit_gateway,426
1788752403427000000,729.82,2,transit_gateway,427
1788752403428000000,849.74,2,transit_gateway,428
1788752403429000000,911.47,2,transit_gateway,429
1788752403430000000,777.69,2,transit_gateway,430
1788752403431000000,796.2,2,transit_gateway,431
1788752403432000000,860.54,2,transit_gateway,432
1788752403433000000,912.56,2,transit_gateway,433
1788752403434000000,726.34,2,transit_gateway,434
1788752403435000000,862.94,2,transit_gateway,435
1788752403436000000,909.31,2,transit_gateway,436
1788752403437000000,853.58,2,transit_gateway,437
1788752403438000000,863.05,2,transit_gateway,438
1788752403439000000,962.95,2,transit_gateway,439
1788752403440000000,794.82,2,transit_gateway,440
1788752403441000000,860.27,2,transit_gateway,441
1788752403442000000,779.72,2,transit_gateway,442
1788752403443000000,803.48,2,transit_gateway,443
1788752403444000000,817.3,2,transit_gateway,444
1788752403445000000,893.31,2,transit_gateway,445
1788752403446000000,850.37,2,transit_gateway,446
1788752403447000000,725.51,2,transit_gateway,447
1788752403448000000,855.24,2,transit_gateway,448
1788752403449000000,807.86,2,transit_gateway,449
1788752403450000000,904.29,2,transit_gateway,450
1788752403451000000,760.17,2,transit_gateway,451
1788752403452000000,725.91,2,transit_gateway,452
1788752403453000000,791.98,2,transit_gateway,453
1788752403454000000,669.92,2,transit_gateway,454
1788752403455000000,742.47,2,transit_gateway,455
1788752403456000000,668.55,2,transit_gateway,456
1788752403457000000,919.2,2,transit_gateway,457
1788752403458000000,927.43,2,transit_gateway,458
1788752403459000000,798.88,2,transit_gateway,459
1788752403460000000,952.17,2,transit_gateway,460
1788752403461000000,762.67,2,transit_gateway,461
1788752403462000000,697.2,2,transit_gateway,462
1788752403463000000,721.88,2,transit_gateway,463
1788752403464000000,829.83,2,transit_gateway,464
1788752403465000000,828.75,2,transit_gateway,465
1788752403466000000,888.7,2,transit_gateway,466
1788752403467000000,810.99,2,transit_gateway,467
1788752403468000000,764.39,2,transit_gateway,468
1788752403469000000,682.05,2,transit_gateway,469
1788752403470000000,785.13,2,transit_gateway,470
1788752403471000000,724.95,2,transit_gateway,471
1788752403472000000,848.59,2,transit_gateway,472
1788752403473000000,940.96,2,transit_gateway,473
1788752403474000000,624.04,2,transit_gateway,474
1788752403475000000,847.84,2,transit_gateway,475
1788752403476000000,828.91,2,transit_gateway,476
1788752403477000000,827.69,2,transit_gateway,477
1788752403478000000,723.72,2,transit_gateway,478
1788752403479000000,896.73,2,transit_gateway,479
1788752403480000000,713.55,2,transit_gateway,480
1788752403481000000,918.68,2,transit_gateway,481
1788752403482000000,819.3,2,transit_gateway,482
1788752403483000000,785.18,2,transit_gateway,483
1788752403484000000,852.68,2,transit_gateway,484
1788752403485000000,777.55,2,transit_gateway,485
1788752403486000000,913.54,2,transit_gateway,486
1788752403487000000,801.93,2,transit_gateway,487
1788752403488000000,807.59,2,transit_gateway,488
1788752403489000000,805.6,2,transit_gateway,489
1788752403490000000,864.16,2,transit_gateway,490
1788752403491000000,873.06,2,transit_gateway,491
1788752403492000000,808.53,2,transit_gateway,492
1788752403493000000,668.01,2,transit_gateway,493
1788752403494000000,752.77,2,transit_gateway,494
1788752403495000000,766.83,2,transit_gateway,495
1788752403496000000,834.99,2,transit_gateway,496
1788752403497000000,812.98,2,transit_gateway,497
1788752403498000000,894.39,2,transit_gateway,498
1788752403499000000,717.17,2,transit_gateway,499
1788752403500000000,912.29,2,transit_gateway,500
1788752403501000000,803.33,2,transit_gateway,501
1788752403502000000,879.03,2,transit_gateway,502
1788752403503000000,819.85,2,transit_gateway,503
1788752403504000000,760.74,2,transit_gateway,504
1788752403505000000,871.62,2,transit_gateway,505
1788752403506000000,770.19,2,transit_gateway,506
1788752403507000000,833.99,2,transit_gateway,507
1788752403508000000,844.71,2,transit_gateway,508
1788752403509000000,945.98,2,transit_gateway,509
1788752403510000000,749.75,2,transit_gateway,510
1788752403511000000,820.6,2,transit_gateway,511
1788752403512000000,880.28,2,transit_gateway,512
1788752403513000000,740.43,2,transit_gateway,513
1788752403514000000,803.34,2,transit_gateway,514
1788752403515000000,799.1,2,transit_gateway,515
1788752403516000000,834.46,2,transit_gateway,516
1788752403517000000,870.84,2,transit_gateway,517
1788752403518000000,856.99,2,transit_gateway,518
1788752403519000000,1015.31,2,transit_gateway,519
1788752403520000000,769.22,2,transit_gateway,520
1788752403521000000,740.13,2,transit_gateway,521
1788752403522000000,717.25,2,transit_gateway,522
1788752403523000000,788.97,2,transit_gateway,523
1788752403524000000,919.49,2,transit_gateway,524
1788752403525000000,912.71,2,transit_gateway,525
1788752403526000000,992.7,2,transit_gateway,526
1788752403527000000,860.47,2,transit_gateway,527
1788752403528000000,781.43,2,transit_gateway,528
1788752403529000000,853.26,2,transit_gateway,529
1788752403530000000,810.0,2,transit_gateway,530
1788752403531000000,895.52,2,transit_gateway,531
1788752403532000000,829.8,2,transit_gateway,532
1788752403533000000,876.73,2,transit_gateway,533
1788752403534000000,822.89,2,transit_gateway,534
1788752403535000000,745.1,2,transit_gateway,535
1788752403536000000,900.77,2,transit_gateway,536
1788752403537000000,910.63,2,transit_gateway,537
1788752403538000000,880.07,2,transit_gateway,538
1788752403539000000,761.12,2,transit_gateway,539
1788752403540000000,794.84,2,transit_gateway,540
1788752403541000000,900.09,2,transit_gateway,541
1788752403542000000,824.52,2,transit_gateway,542
1788752403543000000,1030.07,2,transit_gateway,543
1788752403544000000,873.09,2,transit_gateway,544
1788752403545000000,748.76,2,transit_gateway,545
1788752403546000000,797.56,2,transit_gateway,546
1788752403547000000,783.11,2,transit_gateway,547
1788752403548000000,779.19,2,transit_gateway,548
1788752403549000000,807.25,2,transit_gateway,549
1788752403550000000,784.96,2,transit_gateway,550
1788752403551000000,810.52,2,transit_gateway,551
1788752403552000000,671.86,2,transit_gateway,552
1788752403553000000,741.49,2,transit_gateway,553
1788752403554000000,779.96,2,transit_gateway,554
1788752403555000000,839.25,2,transit_gateway,555
1788752403556000000,782.34,2,transit_gateway,556
1788752403557000000,873.19,2,transit_gateway,557
1788752403558000000,838.59,2,transit_gateway,558
1788752403559000000,720.42,2,transit_gateway,559
1788752403560000000,791.98,2,transit_gateway,560
1788752403561000000,751.96,2,transit_gateway,561
1788752403562000000,767.35,2,transit_gateway,562
1788752403563000000,851.46,2,transit_gateway,563
1788752403564000000,889.98,2,transit_gateway,564
1788752403565000000,891.69,2,transit_gateway,565
1788752403566000000,772.36,2,transit_gateway,566
1788752403567000000,794.15,2,transit_gateway,567
1788752403568000000,777.71,2,transit_gateway,568
1788752403569000000,778.4,2,transit_gateway,569
1788752403570000000,850.11,2,transit_gateway,570
1788752403571000000,786.28,2,transit_gateway,571
1788752403572000000,817.74,2,transit_gateway,572
1788752403573000000,857.62,2,transit_gateway,573
1788752403574000000,760.97,2,transit_gateway,574
1788752403575000000,738.28,2,transit_gateway,575
1788752403576000000,857.23,2,transit_gateway,576
1788752403577000000,878.77,2,transit_gateway,577
1788752403578000000,887.0,2,transit_gateway,578
1788752403579000000,894.02,2,transit_gateway,579
1788752403580000000,648.61,2,transit_gateway,580
1788752403581000000,826.66,2,transit_gateway,581
1788752403582000000,740.85,2,transit_gateway,582
1788752403583000000,843.33,2,transit_gateway,583
1788752403584000000,840.61,2,transit_gateway,584
1788752403585000000,755.74,2,transit_gateway,585
1788752403586000000,753.92,2,transit_gateway,586
1788752403587000000,1023.11,2,transit_gateway,587
1788752403588000000,842.96,2,transit_gateway,588
1788752403589000000,873.39,2,transit_gateway,589
1788752403590000000,899.17,2,transit_gateway,590
1788752403591000000,773.14,2,transit_gateway,591
1788752403592000000,813.78,2,transit_gateway,592
1788752403593000000,951.61,2,transit_gateway,593
1788752403594000000,774.66,2,transit_gateway,594
1788752403595000000,739.16,2,transit_gateway,595
1788752403596000000,813.43,2,transit_gateway,596
1788752403597000000,837.3,2,transit_gateway,597
1788752403598000000,841.29,2,transit_gateway,598
1788752403599000000,914.05,2,transit_gateway,599
1788752403600000000,738.67,2,transit_gateway,600
1788752403601000000,866.36,2,transit_gateway,601
1788752403602000000,709.92,2,transit_gateway,602
1788752403603000000,714.89,2,transit_gateway,603
1788752403604000000,913.27,2,transit_gateway,604
1788752403605000000,787.34,2,transit_gateway,605
1788752403606000000,730.14,2,transit_gateway,606
1788752403607000000,959.07,2,transit_gateway,607
1788752403608000000,899.25,2,transit_gateway,608
1788752403609000000,900.73,2,transit_gateway,609
1788752403610000000,853.39,2,transit_gateway,610
1788752403611000000,727.66,2,transit_gateway,611
1788752403612000000,778.26,2,transit_gateway,612
1788752403613000000,804.56,2,transit_gateway,613
1788752403614000000,801.75,2,transit_gateway,614
1788752403615000000,826.38,2,transit_gateway,615
1788752403616000000,838.37,2,transit_gateway,616
1788752403617000000,1013.48,2,transit_gateway,617
1788752403618000000,742.37,2,transit_gateway,618
1788752403619000000,714.26,2,transit_gateway,619
1788752403620000000,866.87,2,transit_gateway,620
1788752403621000000,795.64,2,transit_gateway,621
1788752403622000000,942.49,2,transit_gateway,622
1788752403623000000,941.86,2,transit_gateway,623
1788752403624000000,820.23,2,transit_gateway,624
1788752403625000000,822.89,2,transit_gateway,625
1788752403626000000,788.26,2,transit_gateway,626
1788752403627000000,704.82,2,transit_gateway,627
1788752403628000000,761.1,2,transit_gateway,628
1788752403629000000,859.22,2,transit_gateway,629
1788752403630000000,896.46,2,transit_gateway,630
1788752403631000000,865.05,2,transit_gateway,631
1788752403632000000,582.2,2,transit_gateway,632
1788752403633000000,839.1,2,transit_gateway,633
1788752403634000000,906.51,2,transit_gateway,634
1788752403635000000,719.02,2,transit_gateway,635
1788752403636000000,780.38,2,transit_gateway,636
1788752403637000000,724.68,2,transit_gateway,637
1788752403638000000,848.95,2,transit_gateway,638
1788752403639000000,890.96,2,transit_gateway,639
1788752403640000000,897.16,2,transit_gateway,640
1788752403641000000,865.79,2,transit_gateway,641
1788752403642000000,759.67,2,transit_gateway,642
1788752403643000000,726.13,2,transit_gateway,643
1788752403644000000,803.7,2,transit_gateway,644
1788752403645000000,832.46,2,transit_gateway,645
1788752403646000000,890.46,2,transit_gateway,646
1788752403647000000,875.2,2,transit_gateway,647
1788752403648000000,812.28,2,transit_gateway,648
1788752403649000000,891.85,2,transit_gateway,649
1788752403650000000,783.1,2,transit_gateway,650
1788752403651000000,807.7,2,transit_gateway,651
1788752403652000000,926.1,2,transit_gateway,652
1788752403653000000,800.44,2,transit_gateway,653
1788752403654000000,847.45,2,transit_gateway,654
1788752403655000000,864.23,2,transit_gateway,655
1788752403656000000,868.04,2,transit_gateway,656
1788752403657000000,744.44,2,transit_gateway,657
1788752403658000000,774.73,2,transit_gateway,658
1788752403659000000,773.28,2,transit_gateway,659
1788752403660000000,794.98,2,transit_gateway,660
1788752403661000000,811.62,2,transit_gateway,661
1788752403662000000,891.52,2,transit_gateway,662
1788752403663000000,769.73,2,transit_gateway,663
1788752403664000000,918.61,2,transit_gateway,664
1788752403665000000,889.31,2,transit_gateway,665
1788752403666000000,726.13,2,transit_gateway,666
1788752403667000000,839.48,2,transit_gateway,667
1788752403668000000,706.75,2,transit_gateway,668
1788752403669000000,804.08,2,transit_gateway,669
1788752403670000000,809.76,2,transit_gateway,670
1788752403671000000,809.0,2,transit_gateway,671
1788752403672000000,731.62,2,transit_gateway,672
1788752403673000000,790.71,2,transit_gateway,673
1788752403674000000,814.85,2,transit_gateway,674
1788752403675000000,818.49,2,transit_gateway,675
1788752403676000000,877.04,2,transit_gateway,676
1788752403677000000,833.32,2,transit_gateway,677
1788752403678000000,765.57,2,transit_gateway,678
1788752403679000000,878.77,2,transit_gateway,679
1788752403680000000,779.39,2,transit_gateway,680
1788752403681000000,757.38,2,transit_gateway,681
1788752403682000000,791.62,2,transit_gateway,682
1788752403683000000,833.13,2,transit_gateway,683
1788752403684000000,711.01,2,transit_gateway,684
1788752403685000000,973.29,2,transit_gateway,685
1788752403686000000,880.6,2,transit_gateway,686
1788752403687000000,714.1,2,transit_gateway,687
1788752403688000000,692.16,2,transit_gateway,688
1788752403689000000,896.28,2,transit_gateway,689
1788752403690000000,903.7,2,transit_gateway,690
1788752403691000000,966.01,2,transit_gateway,691
1788752403692000000,863.08,2,transit_gateway,692
1788752403693000000,821.96,2,transit_gateway,693
1788752403694000000,773.79,2,transit_gateway,694
1788752403695000000,901.52,2,transit_gateway,695
1788752403696000000,876.14,2,transit_gateway,696
1788752403697000000,859.48,2,transit_gateway,697
1788752403698000000,849.01,2,transit_gateway,698
1788752403699000000,797.37,2,transit_gateway,699
1788752403700000000,771.64,2,transit_gateway,700
1788752403701000000,758.47,2,transit_gateway,701
1788752403702000000,727.21,2,transit_gateway,702
1788752403703000000,798.57,2,transit_gateway,703
1788752403704000000,894.11,2,transit_gateway,704
1788752403705000000,835.04,2,transit_gateway,705
1788752403706000000,779.24,2,transit_gateway,706
1788752403707000000,758.68,2,transit_gateway,707
1788752403708000000,627.02,2,transit_gateway,708
1788752403709000000,832.27,2,transit_gateway,709
1788752403710000000,873.32,2,transit_gateway,710
1788752403711000000,858.85,2,transit_gateway,711
1788752403712000000,601.87,2,transit_gateway,712
1788752403713000000,749.3,2,transit_gateway,713
1788752403714000000,805.4,2,transit_gateway,714
1788752403715000000,859.25,2,transit_gateway,715
1788752403716000000,740.73,2,transit_gateway,716
1788752403717000000,773.68,2,transit_gateway,717
1788752403718000000,915.46,2,transit_gateway,718
1788752403719000000,889.79,2,transit_gateway,719
1788752403720000000,758.57,2,transit_gateway,720
1788752403721000000,764.98,2,transit_gateway,721
1788752403722000000,682.12,2,transit_gateway,722
1788752403723000000,895.2,2,transit_gateway,723
1788752403724000000,851.97,2,transit_gateway,724
1788752403725000000,880.72,2,transit_gateway,725
1788752403726000000,749.18,2,transit_gateway,726
1788752403727000000,844.86,2,transit_gateway,727
1788752403728000000,667.61,2,transit_gateway,728
1788752403729000000,830.05,2,transit_gateway,729
1788752403730000000,812.68,2,transit_gateway,730
1788752403731000000,878.96,2,transit_gateway,731
1788752403732000000,768.51,2,transit_gateway,732
1788752403733000000,881.61,2,transit_gateway,733
1788752403734000000,811.54,2,transit_gateway,734
1788752403735000000,944.64,2,transit_gateway,735
1788752403736000000,791.9,2,transit_gateway,736
1788752403737000000,817.58,2,transit_gateway,737
1788752403738000000,758.76,2,transit_gateway,738
1788752403739000000,902.25,2,transit_gateway,739
1788752403740000000,809.76,2,transit_gateway,740
1788752403741000000,730.67,2,transit_gateway,741
1788752403742000000,899.54,2,transit_gateway,742
1788752403743000000,795.13,2,transit_gateway,743
1788752403744000000,748.18,2,transit_gateway,744
1788752403745000000,789.95,2,transit_gateway,745
1788752403746000000,764.44,2,transit_gateway,746
1788752403747000000,771.8,2,transit_gateway,747
1788752403748000000,799.4,2,transit_gateway,748
1788752403749000000,766.25,2,transit_gateway,749
1788752403750000000,683.33,2,transit_gateway,750
1788752403751000000,743.75,2,transit_gateway,751
1788752403752000000,696.21,2,transit_gateway,752
1788752403753000000,742.73,2,transit_gateway,753
1788752403754000000,744.83,2,transit_gateway,754
1788752403755000000,850.61,2,transit_gateway,755
1788752403756000000,912.46,2,transit_gateway,756
1788752403757000000,818.65,2,transit_gateway,757
1788752403758000000,839.48,2,transit_gateway,758
1788752403759000000,835.8,2,transit_gateway,759
1788752403760000000,762.56,2,transit_gateway,760
1788752403761000000,724.0,2,transit_gateway,761
1788752403762000000,641.8,2,transit_gateway,762
1788752403763000000,829.6,2,transit_gateway,763
1788752403764000000,824.8,2,transit_gateway,764
1788752403765000000,716.64,2,transit_gateway,765
1788752403766000000,824.24,2,transit_gateway,766
1788752403767000000,735.32,2,transit_gateway,767
1788752403768000000,850.94,2,transit_gateway,768
1788752403769000000,713.89,2,transit_gateway,769
1788752403770000000,647.58,2,transit_gateway,770
1788752403771000000,785.52,2,transit_gateway,771
1788752403772000000,730.17,2,transit_gateway,772
1788752403773000000,813.12,2,transit_gateway,773
1788752403774000000,880.67,2,transit_gateway,774
1788752403775000000,734.1,2,transit_gateway,775
1788752403776000000,824.53,2,transit_gateway,776
1788752403777000000,773.28,2,transit_gateway,777
1788752403778000000,696.24,2,transit_gateway,778
1788752403779000000,882.15,2,transit_gateway,779
1788752403780000000,717.37,2,transit_gateway,780
1788752403781000000,757.7,2,transit_gateway,781
1788752403782000000,799.7,2,transit_gateway,782
1788752403783000000,845.97,2,transit_gateway,783
1788752403784000000,749.47,2,transit_gateway,784
1788752403785000000,817.75,2,transit_gateway,785
1788752403786000000,740.54,2,transit_gateway,786
1788752403787000000,931.01,2,transit_gateway,787
1788752403788000000,826.03,2,transit_gateway,788
1788752403789000000,834.48,2,transit_gateway,789
1788752403790000000,926.21,2,transit_gateway,790
1788752403791000000,713.67,2,transit_gateway,791
1788752403792000000,768.97,2,transit_gateway,792
1788752403793000000,893.27,2,transit_gateway,793
1788752403794000000,784.42,2,transit_gateway,794
1788752403795000000,880.5,2,transit_gateway,795
1788752403796000000,896.11,2,transit_gateway,796
1788752403797000000,882.12,2,transit_gateway,797
1788752403798000000,815.03,2,transit_gateway,798
1788752403799000000,901.76,2,transit_gateway,799
1788752403800000000,857.9,2,transit_gateway,800
1788752403801000000,769.26,2,transit_gateway,801
1788752403802000000,710.86,2,transit_gateway,802
1788752403803000000,870.21,2,transit_gateway,803
1788752403804000000,713.14,2,transit_gateway,804
1788752403805000000,765.98,2,transit_gateway,805
1788752403806000000,711.21,2,transit_gateway,806
1788752403807000000,822.43,2,transit_gateway,807
1788752403808000000,628.89,2,transit_gateway,808
1788752403809000000,815.37,2,transit_gateway,809
1788752403810000000,757.72,2,transit_gateway,810
1788752403811000000,798.47,2,transit_gateway,811
1788752403812000000,758.15,2,transit_gateway,812
1788752403813000000,695.51,2,transit_gateway,813
1788752403814000000,763.32,2,transit_gateway,814
1788752403815000000,741.21,2,transit_gateway,815
1788752403816000000,848.61,2,transit_gateway,816
1788752403817000000,841.83,2,transit_gateway,817
1788752403818000000,841.43,2,transit_gateway,818
1788752403819000000,855.18,2,transit_gateway,819
1788752403820000000,806.64,2,transit_gateway,820
1788752403821000000,856.17,2,transit_gateway,821
1788752403822000000,773.21,2,transit_gateway,822
1788752403823000000,730.43,2,transit_gateway,823
1788752403824000000,886.46,2,transit_gateway,824
1788752403825000000,718.22,2,transit_gateway,825
1788752403826000000,851.67,2,transit_gateway,826
1788752403827000000,748.88,2,transit_gateway,827
1788752403828000000,858.94,2,transit_gateway,828
1788752403829000000,840.8,2,transit_gateway,829
1788752403830000000,825.56,2,transit_gateway,830
1788752403831000000,757.11,2,transit_gateway,831
1788752403832000000,630.89,2,transit_gateway,832
1788752403833000000,772.08,2,transit_gateway,833
1788752403834000000,777.85,2,transit_gateway,834
1788752403835000000,757.44,2,transit_gateway,835
1788752403836000000,773.05,2,transit_gateway,836
1788752403837000000,842.14,2,transit_gateway,837
1788752403838000000,862.24,2,transit_gateway,838
1788752403839000000,826.48,2,transit_gateway,839
1788752403840000000,848.08,2,transit_gateway,840
1788752403841000000,871.82,2,transit_gateway,841
1788752403842000000,817.02,2,transit_gateway,842
1788752403843000000,864.3,2,transit_gateway,843
1788752403844000000,730.25,2,transit_gateway,844
1788752403845000000,736.17,2,transit_gateway,845
1788752403846000000,746.71,2,transit_gateway,846
1788752403847000000,875.97,2,transit_gateway,847
1788752403848000000,835.7,2,transit_gateway,848
1788752403849000000,860.41,2,transit_gateway,849
1788752403850000000,703.22,2,transit_gateway,850
1788752403851000000,826.84,2,transit_gateway,851
1788752403852000000,856.74,2,transit_gateway,852
1788752403853000000,815.79,2,transit_gateway,853
1788752403854000000,839.03,2,transit_gateway,854
1788752403855000000,902.93,2,transit_gateway,855
1788752403856000000,864.67,2,transit_gateway,856
1788752403857000000,783.43,2,transit_gateway,857
1788752403858000000,861.72,2,transit_gateway,858
1788752403859000000,885.85,2,transit_gateway,859
1788752403860000000,781.54,2,transit_gateway,860
1788752403861000000,900.97,2,transit_gateway,861
1788752403862000000,881.36,2,transit_gateway,862
1788752403863000000,789.24,2,transit_gateway,863
1788752403864000000,811.87,2,transit_gateway,864
1788752403865000000,791.07,2,transit_gateway,865
1788752403866000000,686.51,2,transit_gateway,866
1788752403867000000,737.26,2,transit_gateway,867
1788752403868000000,787.35,2,transit_gateway,868
1788752403869000000,838.57,2,transit_gateway,869
1788752403870000000,900.38,2,transit_gateway,870
1788752403871000000,743.79,2,transit_gateway,871
1788752403872000000,622.09,2,transit_gateway,872
1788752403873000000,899.0,2,transit_gateway,873
1788752403874000000,823.99,2,transit_gateway,874
1788752403875000000,855.16,2,transit_gateway,875
1788752403876000000,858.92,2,transit_gateway,876
1788752403877000000,796.4,2,transit_gateway,877
1788752403878000000,741.76,2,transit_gateway,878
1788752403879000000,814.55,2,transit_gateway,879
1788752403880000000,886.86,2,transit_gateway,880
1788752403881000000,762.67,2,transit_gateway,881
1788752403882000000,765.27,2,transit_gateway,882
1788752403883000000,887.23,2,transit_gateway,883
1788752403884000000,879.25,2,transit_gateway,884
1788752403885000000,945.1,2,transit_gateway,885
1788752403886000000,778.22,2,transit_gateway,886
1788752403887000000,766.74,2,transit_gateway,887
1788752403888000000,878.75,2,transit_gateway,888
1788752403889000000,819.32,2,transit_gateway,889
1788752403890000000,915.69,2,transit_gateway,890
1788752403891000000,866.34,2,transit_gateway,891
1788752403892000000,773.86,2,transit_gateway,892
1788752403893000000,758.57,2,transit_gateway,893
1788752403894000000,869.31,2,transit_gateway,894
1788752403895000000,867.68,2,transit_gateway,895
1788752403896000000,807.42,2,transit_gateway,896
1788752403897000000,849.46,2,transit_gateway,897
1788752403898000000,707.72,2,transit_gateway,898
1788752403899000000,792.75,2,transit_gateway,899
1788752403900000000,871.78,2,transit_gateway,900
1788752403901000000,702.78,2,transit_gateway,901
1788752403902000000,928.11,2,transit_gateway,902
1788752403903000000,1024.05,2,transit_gateway,903
1788752403904000000,757.17,2,transit_gateway,904
1788752403905000000,877.68,2,transit_gateway,905
1788752403906000000,550.1,2,transit_gateway,906
1788752403907000000,775.85,2,transit_gateway,907
1788752403908000000,774.6,2,transit_gateway,908
1788752403909000000,760.58,2,transit_gateway,909
1788752403910000000,691.35,2,transit_gateway,910
1788752403911000000,813.69,2,transit_gateway,911
1788752403912000000,769.73,2,transit_gateway,912
1788752403913000000,896.39,2,transit_gateway,913
1788752403914000000,910.63,2,transit_gateway,914
1788752403915000000,717.74,2,transit_gateway,915
1788752403916000000,924.77,2,transit_gateway,916
1788752403917000000,826.67,2,transit_gateway,917
1788752403918000000,887.58,2,transit_gateway,918
1788752403919000000,920.46,2,transit_gateway,919
1788752403920000000,843.74,2,transit_gateway,920
1788752403921000000,746.83,2,transit_gateway,921
1788752403922000000,763.78,2,transit_gateway,922
1788752403923000000,775.45,2,transit_gateway,923
1788752403924000000,714.61,2,transit_gateway,924
1788752403925000000,918.0,2,transit_gateway,925
1788752403926000000,823.76,2,transit_gateway,926
1788752403927000000,810.79,2,transit_gateway,927
1788752403928000000,949.02,2,transit_gateway,928
1788752403929000000,913.85,2,transit_gateway,929
1788752403930000000,967.6,2,transit_gateway,930
1788752403931000000,823.34,2,transit_gateway,931
1788752403932000000,794.16,2,transit_gateway,932
1788752403933000000,803.28,2,transit_gateway,933
1788752403934000000,852.06,2,transit_gateway,934
1788752403935000000,855.01,2,transit_gateway,935
1788752403936000000,889.4,2,transit_gateway,936
1788752403937000000,830.67,2,transit_gateway,937
1788752403938000000,771.46,2,transit_gateway,938
1788752403939000000,659.56,2,transit_gateway,939
1788752403940000000,821.74,2,transit_gateway,940
1788752403941000000,821.73,2,transit_gateway,941
1788752403942000000,766.64,2,transit_gateway,942
1788752403943000000,887.39,2,transit_gateway,943
1788752403944000000,875.28,2,transit_gateway,944
1788752403945000000,706.33,2,transit_gateway,945
1788752403946000000,869.92,2,transit_gateway,946
1788752403947000000,818.05,2,transit_gateway,947
1788752403948000000,784.49,2,transit_gateway,948
1788752403949000000,884.92,2,transit_gateway,949
1788752403950000000,693.83,2,transit_gateway,950
1788752403951000000,815.37,2,transit_gateway,951
1788752403952000000,923.68,2,transit_gateway,952
1788752403953000000,754.23,2,transit_gateway,953
1788752403954000000,807.1,2,transit_gateway,954
1788752403955000000,865.98,2,transit_gateway,955
1788752403956000000,919.63,2,transit_gateway,956
1788752403957000000,900.79,2,transit_gateway,957
1788752403958000000,834.84,2,transit_gateway,958
1788752403959000000,863.55,2,transit_gateway,959
1788752403960000000,612.75,2,transit_gateway,960
1788752403961000000,694.11,2,transit_gateway,961
1788752403962000000,814.96,2,transit_gateway,962
1788752403963000000,881.58,2,transit_gateway,963
1788752403964000000,860.16,2,transit_gateway,964
1788752403965000000,723.74,2,transit_gateway,965
1788752403966000000,807.82,2,transit_gateway,966
1788752403967000000,820.75,2,transit_gateway,967
1788752403968000000,819.54,2,transit_gateway,968
1788752403969000000,892.13,2,transit_gateway,969
1788752403970000000,900.39,2,transit_gateway,970
1788752403971000000,878.33,2,transit_gateway,971
1788752403972000000,881.68,2,transit_gateway,972
1788752403973000000,765.14,2,transit_gateway,973
1788752403974000000,789.47,2,transit_gateway,974
1788752403975000000,881.49,2,transit_gateway,975
1788752403976000000,783.26,2,transit_gateway,976
1788752403977000000,825.23,2,transit_gateway,977
1788752403978000000,816.48,2,transit_gateway,978
1788752403979000000,715.76,2,transit_gateway,979
1788752403980000000,893.66,2,transit_gateway,980
1788752403981000000,884.97,2,transit_gateway,981
1788752403982000000,853.82,2,transit_gateway,982
1788752403983000000,844.21,2,transit_gateway,983
1788752403984000000,815.34,2,transit_gateway,984
1788752403985000000,709.59,2,transit_gateway,985
1788752403986000000,772.47,2,transit_gateway,986
1788752403987000000,738.45,2,transit_gateway,987
1788752403988000000,862.72,2,transit_gateway,988
1788752403989000000,840.6,2,transit_gateway,989
1788752403990000000,904.7,2,transit_gateway,990
1788752403991000000,824.07,2,transit_gateway,991
1788752403992000000,807.91,2,transit_gateway,992
1788752403993000000,856.82,2,transit_gateway,993
1788752403994000000,732.44,2,transit_gateway,994
1788752403995000000,842.21,2,transit_gateway,995
1788752403996000000,877.55,2,transit_gateway,996
1788752403997000000,868.7,2,transit_gateway,997
1788752403998000000,843.26,2,transit_gateway,998
1788752403999000000,769.89,2,transit_gateway,999
1788752404000000000,750.03,2,transit_gateway,1000
1788752404001000000,175.32,3,vpc_peering,1
1788752404002000000,182.51,3,vpc_peering,2
1788752404003000000,192.82,3,vpc_peering,3
1788752404004000000,185.75,3,vpc_peering,4
1788752404005000000,179.11,3,vpc_peering,5
1788752404006000000,183.87,3,vpc_peering,6
1788752404007000000,160.66,3,vpc_peering,7
1788752404008000000,168.01,3,vpc_peering,8
1788752404009000000,207.32,3,vpc_peering,9
1788752404010000000,156.43,3,vpc_peering,10
1788752404011000000,159.66,3,vpc_peering,11
1788752404012000000,182.79,3,vpc_peering,12
1788752404013000000,187.02,3,vpc_peering,13
1788752404014000000,179.74,3,vpc_peering,14
1788752404015000000,170.59,3,vpc_peering,15
1788752404016000000,181.1,3,vpc_peering,16
1788752404017000000,160.6,3,vpc_peering,17
1788752404018000000,157.26,3,vpc_peering,18
1788752404019000000,179.11,3,vpc_peering,19
1788752404020000000,191.43,3,vpc_peering,20
1788752404021000000,169.5,3,vpc_peering,21
1788752404022000000,182.48,3,vpc_peering,22
1788752404023000000,165.67,3,vpc_peering,23
1788752404024000000,197.81,3,vpc_peering,24
1788752404025000000,181.31,3,vpc_peering,25
1788752404026000000,160.55,3,vpc_peering,26
1788752404027000000,169.82,3,vpc_peering,27
1788752404028000000,164.43,3,vpc_peering,28
1788752404029000000,197.27,3,vpc_peering,29
1788752404030000000,175.11,3,vpc_peering,30
1788752404031000000,190.57,3,vpc_peering,31
1788752404032000000,172.52,3,vpc_peering,32
1788752404033000000,164.92,3,vpc_peering,33
1788752404034000000,150.31,3,vpc_peering,34
1788752404035000000,169.75,3,vpc_peering,35
1788752404036000000,172.52,3,vpc_peering,36
1788752404037000000,192.95,3,vpc_peering,37
1788752404038000000,166.1,3,vpc_peering,38
1788752404039000000,176.0,3,vpc_peering,39
1788752404040000000,208.41,3,vpc_peering,40
1788752404041000000,170.23,3,vpc_peering,41
1788752404042000000,182.31,3,vpc_peering,42
1788752404043000000,166.87,3,vpc_peering,43
1788752404044000000,164.81,3,vpc_peering,44
1788752404045000000,165.05,3,vpc_peering,45
1788752404046000000,151.57,3,vpc_peering,46
1788752404047000000,169.24,3,vpc_peering,47
1788752404048000000,177.65,3,vpc_peering,48
1788752404049000000,170.9,3,vpc_peering,49
1788752404050000000,164.91,3,vpc_peering,50
1788752404051000000,185.55,3,vpc_peering,51
1788752404052000000,168.57,3,vpc_peering,52
1788752404053000000,166.56,3,vpc_peering,53
1788752404054000000,169.01,3,vpc_peering,54
1788752404055000000,173.7,3,vpc_peering,55
1788752404056000000,232.77,3,vpc_peering,56
1788752404057000000,176.07,3,vpc_peering,57
1788752404058000000,188.61,3,vpc_peering,58
1788752404059000000,166.4,3,vpc_peering,59
1788752404060000000,150.35,3,vpc_peering,60
1788752404061000000,176.58,3,vpc_peering,61
1788752404062000000,187.14,3,vpc_peering,62
1788752404063000000,155.78,3,vpc_peering,63
1788752404064000000,164.85,3,vpc_peering,64
1788752404065000000,158.4,3,vpc_peering,65
1788752404066000000,155.18,3,vpc_peering,66
1788752404067000000,177.26,3,vpc_peering,67
1788752404068000000,151.57,3,vpc_peering,68
1788752404069000000,193.53,3,vpc_peering,69
1788752404070000000,186.12,3,vpc_peering,70
1788752404071000000,181.94,3,vpc_peering,71
1788752404072000000,160.12,3,vpc_peering,72
1788752404073000000,194.88,3,vpc_peering,73
1788752404074000000,158.3,3,vpc_peering,74
1788752404075000000,157.71,3,vpc_peering,75
1788752404076000000,151.02,3,vpc_peering,76
1788752404077000000,169.36,3,vpc_peering,77
1788752404078000000,192.47,3,vpc_peering,78
1788752404079000000,169.82,3,vpc_peering,79
1788752404080000000,175.51,3,vpc_peering,80
1788752404081000000,150.16,3,vpc_peering,81
1788752404082000000,181.87,3,vpc_peering,82
1788752404083000000,176.41,3,vpc_peering,83
1788752404084000000,175.08,3,vpc_peering,84
1788752404085000000,186.14,3,vpc_peering,85
1788752404086000000,177.68,3,vpc_peering,86
1788752404087000000,178.16,3,vpc_peering,87
1788752404088000000,182.34,3,vpc_peering,88
1788752404089000000,162.28,3,vpc_peering,89
1788752404090000000,175.27,3,vpc_peering,90
1788752404091000000,151.24,3,vpc_peering,91
1788752404092000000,196.59,3,vpc_peering,92
1788752404093000000,153.19,3,vpc_peering,93
1788752404094000000,200.46,3,vpc_peering,94
1788752404095000000,169.47,3,vpc_peering,95
1788752404096000000,178.48,3,vpc_peering,96
1788752404097000000,163.69,3,vpc_peering,97
1788752404098000000,187.29,3,vpc_peering,98
1788752404099000000,174.45,3,vpc_peering,99
1788752404100000000,171.77,3,vpc_peering,100
1788752404101000000,171.11,3,vpc_peering,101
1788752404102000000,175.67,3,vpc_peering,102
1788752404103000000,181.74,3,vpc_peering,103
1788752404104000000,178.09,3,vpc_peering,104
1788752404105000000,190.29,3,vpc_peering,105
1788752404106000000,164.68,3,vpc_peering,106
1788752404107000000,185.7,3,vpc_peering,107
1788752404108000000,190.81,3,vpc_peering,108
1788752404109000000,171.15,3,vpc_peering,109
1788752404110000000,166.19,3,vpc_peering,110
1788752404111000000,175.03,3,vpc_peering,111
1788752404112000000,163.35,3,vpc_peering,112
1788752404113000000,165.61,3,vpc_peering,113
1788752404114000000,181.12,3,vpc_peering,114
1788752404115000000,181.07,3,vpc_peering,115
1788752404116000000,158.0,3,vpc_peering,116
1788752404117000000,167.27,3,vpc_peering,117
1788752404118000000,172.5,3,vpc_peering,118
1788752404119000000,170.22,3,vpc_peering,119
1788752404120000000,149.44,3,vpc_peering,120
1788752404121000000,171.14,3,vpc_peering,121
1788752404122000000,155.32,3,vpc_peering,122
1788752404123000000,190.73,3,vpc_peering,123
1788752404124000000,207.36,3,vpc_peering,124
1788752404125000000,160.62,3,vpc_peering,125
1788752404126000000,180.74,3,vpc_peering,126
1788752404127000000,186.49,3,vpc_peering,127
1788752404128000000,166.34,3,vpc_peering,128
1788752404129000000,163.95,3,vpc_peering,129
1788752404130000000,172.2,3,vpc_peering,130
1788752404131000000,183.71,3,vpc_peering,131
1788752404132000000,180.16,3,vpc_peering,132
1788752404133000000,182.39,3,vpc_peering,133
1788752404134000000,176.66,3,vpc_peering,134
1788752404135000000,152.75,3,vpc_peering,135
1788752404136000000,177.87,3,vpc_peering,136
1788752404137000000,173.08,3,vpc_peering,137
1788752404138000000,168.22,3,vpc_peering,138
1788752404139000000,148.42,3,vpc_peering,139
1788752404140000000,179.72,3,vpc_peering,140
1788752404141000000,174.49,3,vpc_peering,141
1788752404142000000,193.2,3,vpc_peering,142
1788752404143000000,180.69,3,vpc_peering,143
1788752404144000000,143.46,3,vpc_peering,144
1788752404145000000,179.91,3,vpc_peering,145
1788752404146000000,162.23,3,vpc_peering,146
1788752404147000000,161.78,3,vpc_peering,147
1788752404148000000,157.59,3,vpc_peering,148
1788752404149000000,168.54,3,vpc_peering,149
1788752404150000000,145.18,3,vpc_peering,150
1788752404151000000,180.92,3,vpc_peering,151
1788752404152000000,182.89,3,vpc_peering,152
1788752404153000000,146.99,3,vpc_peering,153
1788752404154000000,167.41,3,vpc_peering,154
1788752404155000000,166.56,3,vpc_peering,155
1788752404156000000,160.47,3,vpc_peering,156
1788752404157000000,165.47,3,vpc_peering,157
1788752404158000000,166.15,3,vpc_peering,158
1788752404159000000,157.09,3,vpc_peering,159
1788752404160000000,166.25,3,vpc_peering,160
1788752404161000000,180.22,3,vpc_peering,161
1788752404162000000,173.48,3,vpc_peering,162
1788752404163000000,173.37,3,vpc_peering,163
1788752404164000000,161.57,3,vpc_peering,164
1788752404165000000,153.96,3,vpc_peering,165
1788752404166000000,169.0,3,vpc_peering,166
1788752404167000000,184.71,3,vpc_peering,167
1788752404168000000,173.72,3,vpc_peering,168
1788752404169000000,185.1,3,vpc_peering,169
1788752404170000000,191.6,3,vpc_peering,170
1788752404171000000,178.79,3,vpc_peering,171
1788752404172000000,181.49,3,vpc_peering,172
1788752404173000000,178.12,3,vpc_peering,173
1788752404174000000,163.11,3,vpc_peering,174
1788752404175000000,161.26,3,vpc_peering,175
1788752404176000000,187.62,3,vpc_peering,176
1788752404177000000,196.08,3,vpc_peering,177
1788752404178000000,180.05,3,vpc_peering,178
1788752404179000000,204.34,3,vpc_peering,179
1788752404180000000,141.5,3,vpc_peering,180
1788752404181000000,166.87,3,vpc_peering,181
1788752404182000000,169.23,3,vpc_peering,182
1788752404183000000,181.91,3,vpc_peering,183
1788752404184000000,150.01,3,vpc_peering,184
1788752404185000000,170.55,3,vpc_peering,185
1788752404186000000,149.33,3,vpc_peering,186
1788752404187000000,167.59,3,vpc_peering,187
1788752404188000000,191.5,3,vpc_peering,188
1788752404189000000,198.7,3,vpc_peering,189
1788752404190000000,159.13,3,vpc_peering,190
1788752404191000000,143.56,3,vpc_peering,191
1788752404192000000,162.25,3,vpc_peering,192
1788752404193000000,159.2,3,vpc_peering,193
1788752404194000000,179.24,3,vpc_peering,194
1788752404195000000,193.81,3,vpc_peering,195
1788752404196000000,189.39,3,vpc_peering,196
1788752404197000000,175.63,3,vpc_peering,197
1788752404198000000,162.41,3,vpc_peering,198
1788752404199000000,189.79,3,vpc_peering,199
1788752404200000000,191.49,3,vpc_peering,200
1788752404201000000,152.65,3,vpc_peering,201
1788752404202000000,168.87,3,vpc_peering,202
1788752404203000000,206.04,3,vpc_peering,203
1788752404204000000,150.61,3,vpc_peering,204
1788752404205000000,187.6,3,vpc_peering,205
1788752404206000000,153.95,3,vpc_peering,206
1788752404207000000,173.11,3,vpc_peering,207
1788752404208000000,129.76,3,vpc_peering,208
1788752404209000000,187.85,3,vpc_peering,209
1788752404210000000,172.26,3,vpc_peering,210
1788752404211000000,171.49,3,vpc_peering,211
1788752404212000000,180.19,3,vpc_peering,212
1788752404213000000,161.34,3,vpc_peering,213
1788752404214000000,173.69,3,vpc_peering,214
1788752404215000000,163.67,3,vpc_peering,215
1788752404216000000,193.89,3,vpc_peering,216
1788752404217000000,192.36,3,vpc_peering,217
1788752404218000000,178.82,3,vpc_peering,218
1788752404219000000,188.9,3,vpc_peering,219
1788752404220000000,174.05,3,vpc_peering,220
1788752404221000000,170.49,3,vpc_peering,221
1788752404222000000,189.51,3,vpc_peering,222
1788752404223000000,179.54,3,vpc_peering,223
1788752404224000000,167.38,3,vpc_peering,224
1788752404225000000,169.87,3,vpc_peering,225
1788752404226000000,148.31,3,vpc_peering,226
1788752404227000000,173.32,3,vpc_peering,227
1788752404228000000,173.31,3,vpc_peering,228
1788752404229000000,182.16,3,vpc_peering,229
1788752404230000000,167.88,3,vpc_peering,230
1788752404231000000,168.45,3,vpc_peering,231
1788752404232000000,191.39,3,vpc_peering,232
1788752404233000000,187.17,3,vpc_peering,233
1788752404234000000,159.03,3,vpc_peering,234
1788752404235000000,172.6,3,vpc_peering,235
1788752404236000000,144.01,3,vpc_peering,236
1788752404237000000,175.75,3,vpc_peering,237
1788752404238000000,153.45,3,vpc_peering,238
1788752404239000000,179.34,3,vpc_peering,239
1788752404240000000,165.47,3,vpc_peering,240
1788752404241000000,187.54,3,vpc_peering,241
1788752404242000000,190.89,3,vpc_peering,242
1788752404243000000,188.14,3,vpc_peering,243
1788752404244000000,138.97,3,vpc_peering,244
1788752404245000000,158.93,3,vpc_peering,245
1788752404246000000,164.02,3,vpc_peering,246
1788752404247000000,167.01,3,vpc_peering,247
1788752404248000000,147.52,3,vpc_peering,248
1788752404249000000,182.66,3,vpc_peering,249
1788752404250000000,181.1,3,vpc_peering,250
1788752404251000000,178.89,3,vpc_peering,251
1788752404252000000,191.22,3,vpc_peering,252
1788752404253000000,179.29,3,vpc_peering,253
1788752404254000000,165.21,3,vpc_peering,254
1788752404255000000,176.86,3,vpc_peering,255
1788752404256000000,177.09,3,vpc_peering,256
1788752404257000000,147.43,3,vpc_peering,257
1788752404258000000,196.47,3,vpc_peering,258
1788752404259000000,164.19,3,vpc_peering,259
1788752404260000000,184.62,3,vpc_peering,260
1788752404261000000,174.47,3,vpc_peering,261
1788752404262000000,156.59,3,vpc_peering,262
1788752404263000000,169.87,3,vpc_peering,263
1788752404264000000,201.85,3,vpc_peering,264
1788752404265000000,179.18,3,vpc_peering,265
1788752404266000000,191.99,3,vpc_peering,266
1788752404267000000,169.47,3,vpc_peering,267
1788752404268000000,180.68,3,vpc_peering,268
1788752404269000000,173.99,3,vpc_peering,269
1788752404270000000,173.58,3,vpc_peering,270
1788752404271000000,155.01,3,vpc_peering,271
1788752404272000000,171.27,3,vpc_peering,272
1788752404273000000,170.95,3,vpc_peering,273
1788752404274000000,189.56,3,vpc_peering,274
1788752404275000000,189.82,3,vpc_peering,275
1788752404276000000,178.96,3,vpc_peering,276
1788752404277000000,198.13,3,vpc_peering,277
1788752404278000000,179.08,3,vpc_peering,278
1788752404279000000,162.68,3,vpc_peering,279
1788752404280000000,161.02,3,vpc_peering,280
1788752404281000000,182.58,3,vpc_peering,281
1788752404282000000,172.73,3,vpc_peering,282
1788752404283000000,183.2,3,vpc_peering,283
1788752404284000000,168.25,3,vpc_peering,284
1788752404285000000,167.24,3,vpc_peering,285
1788752404286000000,146.69,3,vpc_peering,286
1788752404287000000,180.91,3,vpc_peering,287
1788752404288000000,165.64,3,vpc_peering,288
1788752404289000000,178.7,3,vpc_peering,289
1788752404290000000,183.53,3,vpc_peering,290
1788752404291000000,196.72,3,vpc_peering,291
1788752404292000000,152.73,3,vpc_peering,292
1788752404293000000,163.78,3,vpc_peering,293
1788752404294000000,168.5,3,vpc_peering,294
1788752404295000000,186.01,3,vpc_peering,295
1788752404296000000,169.81,3,vpc_peering,296
1788752404297000000,198.54,3,vpc_peering,297
1788752404298000000,179.9,3,vpc_peering,298
1788752404299000000,182.82,3,vpc_peering,299
1788752404300000000,175.55,3,vpc_peering,300
1788752404301000000,179.88,3,vpc_peering,301
1788752404302000000,184.76,3,vpc_peering,302
1788752404303000000,140.63,3,vpc_peering,303
1788752404304000000,179.11,3,vpc_peering,304
1788752404305000000,186.64,3,vpc_peering,305
1788752404306000000,184.57,3,vpc_peering,306
1788752404307000000,165.2,3,vpc_peering,307
1788752404308000000,168.4,3,vpc_peering,308
1788752404309000000,174.45,3,vpc_peering,309
1788752404310000000,184.73,3,vpc_peering,310
1788752404311000000,163.48,3,vpc_peering,311
1788752404312000000,183.81,3,vpc_peering,312
1788752404313000000,147.66,3,vpc_peering,313
1788752404314000000,162.51,3,vpc_peering,314
1788752404315000000,168.69,3,vpc_peering,315
1788752404316000000,170.27,3,vpc_peering,316
1788752404317000000,171.86,3,vpc_peering,317
1788752404318000000,190.43,3,vpc_peering,318
1788752404319000000,176.01,3,vpc_peering,319
1788752404320000000,167.9,3,vpc_peering,320
1788752404321000000,175.4,3,vpc_peering,321
1788752404322000000,158.79,3,vpc_peering,322
1788752404323000000,182.82,3,vpc_peering,323
1788752404324000000,180.42,3,vpc_peering,324
1788752404325000000,161.78,3,vpc_peering,325
1788752404326000000,193.56,3,vpc_peering,326
1788752404327000000,176.81,3,vpc_peering,327
1788752404328000000,166.28,3,vpc_peering,328
1788752404329000000,148.3,3,vpc_peering,329
1788752404330000000,181.02,3,vpc_peering,330
1788752404331000000,180.23,3,vpc_peering,331
1788752404332000000,182.73,3,vpc_peering,332
1788752404333000000,142.14,3,vpc_peering,333
1788752404334000000,191.71,3,vpc_peering,334
1788752404335000000,162.5,3,vpc_peering,335
1788752404336000000,170.49,3,vpc_peering,336
1788752404337000000,168.43,3,vpc_peering,337
1788752404338000000,186.9,3,vpc_peering,338
1788752404339000000,207.63,3,vpc_peering,339
1788752404340000000,180.52,3,vpc_peering,340
1788752404341000000,174.6,3,vpc_peering,341
1788752404342000000,187.31,3,vpc_peering,342
1788752404343000000,186.1,3,vpc_peering,343
1788752404344000000,152.66,3,vpc_peering,344
1788752404345000000,169.66,3,vpc_peering,345
1788752404346000000,164.09,3,vpc_peering,346
1788752404347000000,149.61,3,vpc_peering,347
1788752404348000000,163.49,3,vpc_peering,348
1788752404349000000,149.2,3,vpc_peering,349
1788752404350000000,160.7,3,vpc_peering,350
1788752404351000000,161.31,3,vpc_peering,351
1788752404352000000,171.37,3,vpc_peering,352
1788752404353000000,156.22,3,vpc_peering,353
1788752404354000000,153.68,3,vpc_peering,354
1788752404355000000,163.38,3,vpc_peering,355
1788752404356000000,186.03,3,vpc_peering,356
1788752404357000000,148.45,3,vpc_peering,357
1788752404358000000,155.77,3,vpc_peering,358
1788752404359000000,179.19,3,vpc_peering,359
1788752404360000000,169.88,3,vpc_peering,360
1788752404361000000,165.75,3,vpc_peering,361
1788752404362000000,168.87,3,vpc_peering,362
1788752404363000000,174.44,3,vpc_peering,363
1788752404364000000,182.12,3,vpc_peering,364
1788752404365000000,168.54,3,vpc_peering,365
1788752404366000000,196.62,3,vpc_peering,366
1788752404367000000,169.55,3,vpc_peering,367
1788752404368000000,173.83,3,vpc_peering,368
1788752404369000000,173.87,3,vpc_peering,369
1788752404370000000,173.44,3,vpc_peering,370
1788752404371000000,161.55,3,vpc_peering,371
1788752404372000000,182.96,3,vpc_peering,372
1788752404373000000,162.08,3,vpc_peering,373
1788752404374000000,178.11,3,vpc_peering,374
1788752404375000000,184.8,3,vpc_peering,375
1788752404376000000,180.07,3,vpc_peering,376
1788752404377000000,156.94,3,vpc_peering,377
1788752404378000000,142.67,3,vpc_peering,378
1788752404379000000,183.57,3,vpc_peering,379
1788752404380000000,177.85,3,vpc_peering,380
1788752404381000000,174.63,3,vpc_peering,381
1788752404382000000,169.7,3,vpc_peering,382
1788752404383000000,187.36,3,vpc_peering,383
1788752404384000000,174.92,3,vpc_peering,384
1788752404385000000,181.77,3,vpc_peering,385
1788752404386000000,173.01,3,vpc_peering,386
1788752404387000000,170.01,3,vpc_peering,387
1788752404388000000,178.49,3,vpc_peering,388
1788752404389000000,171.1,3,vpc_peering,389
1788752404390000000,155.67,3,vpc_peering,390
1788752404391000000,170.76,3,vpc_peering,391
1788752404392000000,169.98,3,vpc_peering,392
1788752404393000000,173.63,3,vpc_peering,393
1788752404394000000,159.05,3,vpc_peering,394
1788752404395000000,164.76,3,vpc_peering,395
1788752404396000000,156.46,3,vpc_peering,396
1788752404397000000,176.11,3,vpc_peering,397
1788752404398000000,170.54,3,vpc_peering,398
1788752404399000000,173.73,3,vpc_peering,399
1788752404400000000,184.56,3,vpc_peering,400
1788752404401000000,180.35,3,vpc_peering,401
1788752404402000000,174.75,3,vpc_peering,402
1788752404403000000,167.2,3,vpc_peering,403
1788752404404000000,148.36,3,vpc_peering,404
1788752404405000000,182.69,3,vpc_peering,405
1788752404406000000,182.23,3,vpc_peering,406
1788752404407000000,153.31,3,vpc_peering,407
1788752404408000000,168.4,3,vpc_peering,408
1788752404409000000,185.42,3,vpc_peering,409
1788752404410000000,173.22,3,vpc_peering,410
1788752404411000000,148.97,3,vpc_peering,411
1788752404412000000,180.19,3,vpc_peering,412
1788752404413000000,165.47,3,vpc_peering,413
1788752404414000000,165.47,3,vpc_peering,414
1788752404415000000,193.53,3,vpc_peering,415
1788752404416000000,165.08,3,vpc_peering,416
1788752404417000000,174.27,3,vpc_peering,417
1788752404418000000,182.5,3,vpc_peering,418
1788752404419000000,187.78,3,vpc_peering,419
1788752404420000000,187.34,3,vpc_peering,420
1788752404421000000,193.03,3,vpc_peering,421
1788752404422000000,186.8,3,vpc_peering,422
1788752404423000000,176.21,3,vpc_peering,423
1788752404424000000,176.55,3,vpc_peering,424
1788752404425000000,174.0,3,vpc_peering,425
1788752404426000000,183.69,3,vpc_peering,426
1788752404427000000,197.2,3,vpc_peering,427
1788752404428000000,183.69,3,vpc_peering,428
1788752404429000000,185.16,3,vpc_peering,429
1788752404430000000,154.44,3,vpc_peering,430
1788752404431000000,164.42,3,vpc_peering,431
1788752404432000000,161.23,3,vpc_peering,432
1788752404433000000,194.06,3,vpc_peering,433
1788752404434000000,149.25,3,vpc_peering,434
1788752404435000000,189.22,3,vpc_peering,435
1788752404436000000,164.11,3,vpc_peering,436
1788752404437000000,179.31,3,vpc_peering,437
1788752404438000000,136.48,3,vpc_peering,438
1788752404439000000,169.85,3,vpc_peering,439
1788752404440000000,148.3,3,vpc_peering,440
1788752404441000000,179.33,3,vpc_peering,441
1788752404442000000,195.34,3,vpc_peering,442
1788752404443000000,184.25,3,vpc_peering,443
1788752404444000000,180.69,3,vpc_peering,444
1788752404445000000,176.72,3,vpc_peering,445
1788752404446000000,183.64,3,vpc_peering,446
1788752404447000000,189.74,3,vpc_peering,447
1788752404448000000,184.08,3,vpc_peering,448
1788752404449000000,160.76,3,vpc_peering,449
1788752404450000000,171.4,3,vpc_peering,450
1788752404451000000,191.21,3,vpc_peering,451
1788752404452000000,169.83,3,vpc_peering,452
1788752404453000000,171.05,3,vpc_peering,453
1788752404454000000,192.86,3,vpc_peering,454
1788752404455000000,165.41,3,vpc_peering,455
1788752404456000000,146.01,3,vpc_peering,456
1788752404457000000,167.63,3,vpc_peering,457
1788752404458000000,174.69,3,vpc_peering,458
1788752404459000000,157.7,3,vpc_peering,459
1788752404460000000,154.92,3,vpc_peering,460
1788752404461000000,172.1,3,vpc_peering,461
1788752404462000000,199.75,3,vpc_peering,462
1788752404463000000,174.22,3,vpc_peering,463
1788752404464000000,168.97,3,vpc_peering,464
1788752404465000000,192.83,3,vpc_peering,465
1788752404466000000,159.77,3,vpc_peering,466
1788752404467000000,175.98,3,vpc_peering,467
1788752404468000000,191.73,3,vpc_peering,468
1788752404469000000,186.84,3,vpc_peering,469
1788752404470000000,181.87,3,vpc_peering,470
1788752404471000000,187.89,3,vpc_peering,471
1788752404472000000,170.49,3,vpc_peering,472
1788752404473000000,145.23,3,vpc_peering,473
1788752404474000000,141.42,3,vpc_peering,474
1788752404475000000,170.75,3,vpc_peering,475
1788752404476000000,185.7,3,vpc_peering,476
1788752404477000000,165.9,3,vpc_peering,477
1788752404478000000,168.68,3,vpc_peering,478
1788752404479000000,149.81,3,vpc_peering,479
1788752404480000000,189.82,3,vpc_peering,480
1788752404481000000,178.79,3,vpc_peering,481
1788752404482000000,151.01,3,vpc_peering,482
1788752404483000000,165.49,3,vpc_peering,483
1788752404484000000,178.42,3,vpc_peering,484
1788752404485000000,155.79,3,vpc_peering,485
1788752404486000000,154.93,3,vpc_peering,486
1788752404487000000,197.32,3,vpc_peering,487
1788752404488000000,193.28,3,vpc_peering,488
1788752404489000000,167.38,3,vpc_peering,489
1788752404490000000,180.39,3,vpc_peering,490
1788752404491000000,180.14,3,vpc_peering,491
1788752404492000000,153.86,3,vpc_peering,492
1788752404493000000,154.1,3,vpc_peering,493
1788752404494000000,174.48,3,vpc_peering,494
1788752404495000000,150.62,3,vpc_peering,495
1788752404496000000,165.11,3,vpc_peering,496
1788752404497000000,180.43,3,vpc_peering,497
1788752404498000000,185.15,3,vpc_peering,498
1788752404499000000,168.13,3,vpc_peering,499
1788752404500000000,171.76,3,vpc_peering,500
1788752404501000000,163.6,3,vpc_peering,501
1788752404502000000,173.54,3,vpc_peering,502
1788752404503000000,163.4,3,vpc_peering,503
1788752404504000000,156.55,3,vpc_peering,504
1788752404505000000,183.56,3,vpc_peering,505
1788752404506000000,175.3,3,vpc_peering,506
1788752404507000000,165.23,3,vpc_peering,507
1788752404508000000,183.16,3,vpc_peering,508
1788752404509000000,182.73,3,vpc_peering,509
1788752404510000000,185.61,3,vpc_peering,510
1788752404511000000,165.7,3,vpc_peering,511
1788752404512000000,188.29,3,vpc_peering,512
1788752404513000000,178.46,3,vpc_peering,513
1788752404514000000,161.9,3,vpc_peering,514
1788752404515000000,174.19,3,vpc_peering,515
1788752404516000000,167.48,3,vpc_peering,516
1788752404517000000,184.51,3,vpc_peering,517
1788752404518000000,182.42,3,vpc_peering,518
1788752404519000000,152.73,3,vpc_peering,519
1788752404520000000,167.97,3,vpc_peering,520
1788752404521000000,172.21,3,vpc_peering,521
1788752404522000000,204.53,3,vpc_peering,522
1788752404523000000,152.65,3,vpc_peering,523
1788752404524000000,156.61,3,vpc_peering,524
1788752404525000000,184.16,3,vpc_peering,525
1788752404526000000,162.3,3,vpc_peering,526
1788752404527000000,142.17,3,vpc_peering,527
1788752404528000000,165.63,3,vpc_peering,528
1788752404529000000,169.16,3,vpc_peering,529
1788752404530000000,147.58,3,vpc_peering,530
1788752404531000000,193.99,3,vpc_peering,531
1788752404532000000,166.97,3,vpc_peering,532
1788752404533000000,152.5,3,vpc_peering,533
1788752404534000000,164.85,3,vpc_peering,534
1788752404535000000,159.79,3,vpc_peering,535
1788752404536000000,170.66,3,vpc_peering,536
1788752404537000000,180.64,3,vpc_peering,537
1788752404538000000,169.83,3,vpc_peering,538
1788752404539000000,165.35,3,vpc_peering,539
1788752404540000000,178.82,3,vpc_peering,540
1788752404541000000,144.39,3,vpc_peering,541
1788752404542000000,188.13,3,vpc_peering,542
1788752404543000000,151.63,3,vpc_peering,543
1788752404544000000,168.24,3,vpc_peering,544
1788752404545000000,168.67,3,vpc_peering,545
1788752404546000000,172.59,3,vpc_peering,546
1788752404547000000,180.45,3,vpc_peering,547
1788752404548000000,141.91,3,vpc_peering,548
1788752404549000000,171.39,3,vpc_peering,549
1788752404550000000,202.19,3,vpc_peering,550
1788752404551000000,180.62,3,vpc_peering,551
1788752404552000000,167.33,3,vpc_peering,552
1788752404553000000,173.97,3,vpc_peering,553
1788752404554000000,179.19,3,vpc_peering,554
1788752404555000000,161.33,3,vpc_peering,555
1788752404556000000,177.39,3,vpc_peering,556
1788752404557000000,174.08,3,vpc_peering,557
1788752404558000000,171.17,3,vpc_peering,558
1788752404559000000,168.63,3,vpc_peering,559
1788752404560000000,174.53,3,vpc_peering,560
1788752404561000000,189.59,3,vpc_peering,561
1788752404562000000,156.97,3,vpc_peering,562
1788752404563000000,150.15,3,vpc_peering,563
1788752404564000000,192.77,3,vpc_peering,564
1788752404565000000,172.04,3,vpc_peering,565
1788752404566000000,177.57,3,vpc_peering,566
1788752404567000000,166.96,3,vpc_peering,567
1788752404568000000,200.08,3,vpc_peering,568
1788752404569000000,202.6,3,vpc_peering,569
1788752404570000000,173.89,3,vpc_peering,570
1788752404571000000,154.34,3,vpc_peering,571
1788752404572000000,183.97,3,vpc_peering,572
1788752404573000000,173.0,3,vpc_peering,573
1788752404574000000,164.87,3,vpc_peering,574
1788752404575000000,183.82,3,vpc_peering,575
1788752404576000000,169.96,3,vpc_peering,576
1788752404577000000,172.68,3,vpc_peering,577
1788752404578000000,162.19,3,vpc_peering,578
1788752404579000000,192.33,3,vpc_peering,579
1788752404580000000,186.24,3,vpc_peering,580
1788752404581000000,175.45,3,vpc_peering,581
1788752404582000000,176.87,3,vpc_peering,582
1788752404583000000,155.8,3,vpc_peering,583
1788752404584000000,173.15,3,vpc_peering,584
1788752404585000000,203.68,3,vpc_peering,585
1788752404586000000,157.86,3,vpc_peering,586
1788752404587000000,166.75,3,vpc_peering,587
1788752404588000000,176.01,3,vpc_peering,588
1788752404589000000,181.46,3,vpc_peering,589
1788752404590000000,208.49,3,vpc_peering,590
1788752404591000000,159.77,3,vpc_peering,591
1788752404592000000,196.2,3,vpc_peering,592
1788752404593000000,168.9,3,vpc_peering,593
1788752404594000000,183.16,3,vpc_peering,594
1788752404595000000,168.23,3,vpc_peering,595
1788752404596000000,143.08,3,vpc_peering,596
1788752404597000000,186.32,3,vpc_peering,597
1788752404598000000,180.79,3,vpc_peering,598
1788752404599000000,173.93,3,vpc_peering,599
1788752404600000000,184.18,3,vpc_peering,600
1788752404601000000,171.25,3,vpc_peering,601
1788752404602000000,171.67,3,vpc_peering,602
1788752404603000000,172.03,3,vpc_peering,603
1788752404604000000,161.0,3,vpc_peering,604
1788752404605000000,182.96,3,vpc_peering,605
1788752404606000000,180.4,3,vpc_peering,606
1788752404607000000,161.94,3,vpc_peering,607
1788752404608000000,164.41,3,vpc_peering,608
1788752404609000000,168.32,3,vpc_peering,609
1788752404610000000,190.56,3,vpc_peering,610
1788752404611000000,199.1,3,vpc_peering,611
1788752404612000000,148.74,3,vpc_peering,612
1788752404613000000,182.83,3,vpc_peering,613
1788752404614000000,186.35,3,vpc_peering,614
1788752404615000000,166.54,3,vpc_peering,615
1788752404616000000,177.29,3,vpc_peering,616
1788752404617000000,174.29,3,vpc_peering,617
1788752404618000000,155.14,3,vpc_peering,618
1788752404619000000,177.33,3,vpc_peering,619
1788752404620000000,195.95,3,vpc_peering,620
1788752404621000000,176.64,3,vpc_peering,621
1788752404622000000,188.04,3,vpc_peering,622
1788752404623000000,167.16,3,vpc_peering,623
1788752404624000000,175.76,3,vpc_peering,624
1788752404625000000,185.79,3,vpc_peering,625
1788752404626000000,171.12,3,vpc_peering,626
1788752404627000000,150.45,3,vpc_peering,627
1788752404628000000,180.68,3,vpc_peering,628
1788752404629000000,182.67,3,vpc_peering,629
1788752404630000000,170.84,3,vpc_peering,630
1788752404631000000,175.74,3,vpc_peering,631
1788752404632000000,178.24,3,vpc_peering,632
1788752404633000000,192.91,3,vpc_peering,633
1788752404634000000,168.34,3,vpc_peering,634
1788752404635000000,158.43,3,vpc_peering,635
1788752404636000000,165.74,3,vpc_peering,636
1788752404637000000,185.37,3,vpc_peering,637
1788752404638000000,180.23,3,vpc_peering,638
1788752404639000000,160.62,3,vpc_peering,639
1788752404640000000,182.76,3,vpc_peering,640
1788752404641000000,173.74,3,vpc_peering,641
1788752404642000000,179.27,3,vpc_peering,642
1788752404643000000,164.69,3,vpc_peering,643
1788752404644000000,178.59,3,vpc_peering,644
1788752404645000000,181.99,3,vpc_peering,645
1788752404646000000,168.99,3,vpc_peering,646
1788752404647000000,191.02,3,vpc_peering,647
1788752404648000000,158.76,3,vpc_peering,648
1788752404649000000,168.22,3,vpc_peering,649
1788752404650000000,189.5,3,vpc_peering,650
1788752404651000000,159.61,3,vpc_peering,651
1788752404652000000,186.75,3,vpc_peering,652
1788752404653000000,160.82,3,vpc_peering,653
1788752404654000000,169.97,3,vpc_peering,654
1788752404655000000,164.25,3,vpc_peering,655
1788752404656000000,173.3,3,vpc_peering,656
1788752404657000000,176.67,3,vpc_peering,657
1788752404658000000,177.62,3,vpc_peering,658
1788752404659000000,202.85,3,vpc_peering,659
1788752404660000000,186.3,3,vpc_peering,660
1788752404661000000,144.21,3,vpc_peering,661
1788752404662000000,175.55,3,vpc_peering,662
1788752404663000000,174.93,3,vpc_peering,663
1788752404664000000,167.45,3,vpc_peering,664
1788752404665000000,190.42,3,vpc_peering,665
1788752404666000000,180.64,3,vpc_peering,666
1788752404667000000,156.39,3,vpc_peering,667
1788752404668000000,181.56,3,vpc_peering,668
1788752404669000000,176.8,3,vpc_peering,669
1788752404670000000,179.3,3,vpc_peering,670
1788752404671000000,171.33,3,vpc_peering,671
1788752404672000000,171.27,3,vpc_peering,672
1788752404673000000,166.06,3,vpc_peering,673
1788752404674000000,178.96,3,vpc_peering,674
1788752404675000000,191.58,3,vpc_peering,675
1788752404676000000,156.78,3,vpc_peering,676
1788752404677000000,178.91,3,vpc_peering,677
1788752404678000000,172.97,3,vpc_peering,678
1788752404679000000,162.62,3,vpc_peering,679
1788752404680000000,188.85,3,vpc_peering,680
1788752404681000000,170.96,3,vpc_peering,681
1788752404682000000,172.85,3,vpc_peering,682
1788752404683000000,192.37,3,vpc_peering,683
1788752404684000000,191.01,3,vpc_peering,684
1788752404685000000,183.78,3,vpc_peering,685
1788752404686000000,165.81,3,vpc_peering,686
1788752404687000000,201.14,3,vpc_peering,687
1788752404688000000,173.26,3,vpc_peering,688
1788752404689000000,171.14,3,vpc_peering,689
1788752404690000000,179.97,3,vpc_peering,690
1788752404691000000,170.19,3,vpc_peering,691
1788752404692000000,161.52,3,vpc_peering,692
1788752404693000000,193.85,3,vpc_peering,693
1788752404694000000,170.68,3,vpc_peering,694
1788752404695000000,154.01,3,vpc_peering,695
1788752404696000000,205.55,3,vpc_peering,696
1788752404697000000,177.68,3,vpc_peering,697
1788752404698000000,169.67,3,vpc_peering,698
1788752404699000000,159.43,3,vpc_peering,699
1788752404700000000,177.72,3,vpc_peering,700
1788752404701000000,176.96,3,vpc_peering,701
1788752404702000000,155.05,3,vpc_peering,702
1788752404703000000,170.03,3,vpc_peering,703
1788752404704000000,159.64,3,vpc_peering,704
1788752404705000000,189.79,3,vpc_peering,705
1788752404706000000,166.78,3,vpc_peering,706
1788752404707000000,185.75,3,vpc_peering,707
1788752404708000000,165.95,3,vpc_peering,708
1788752404709000000,189.56,3,vpc_peering,709
1788752404710000000,164.46,3,vpc_peering,710
1788752404711000000,175.64,3,vpc_peering,711
1788752404712000000,165.98,3,vpc_peering,712
1788752404713000000,186.49,3,vpc_peering,713
1788752404714000000,139.79,3,vpc_peering,714
1788752404715000000,180.93,3,vpc_peering,715
1788752404716000000,153.31,3,vpc_peering,716
1788752404717000000,195.42,3,vpc_peering,717
1788752404718000000,171.89,3,vpc_peering,718
1788752404719000000,181.62,3,vpc_peering,719
1788752404720000000,200.37,3,vpc_peering,720
1788752404721000000,174.21,3,vpc_peering,721
1788752404722000000,160.7,3,vpc_peering,722
1788752404723000000,173.65,3,vpc_peering,723
1788752404724000000,153.92,3,vpc_peering,724
1788752404725000000,164.32,3,vpc_peering,725
1788752404726000000,173.95,3,vpc_peering,726
1788752404727000000,167.63,3,vpc_peering,727
1788752404728000000,189.34,3,vpc_peering,728
1788752404729000000,194.14,3,vpc_peering,729
1788752404730000000,177.73,3,vpc_peering,730
1788752404731000000,173.18,3,vpc_peering,731
1788752404732000000,172.84,3,vpc_peering,732
1788752404733000000,190.98,3,vpc_peering,733
1788752404734000000,170.51,3,vpc_peering,734
1788752404735000000,168.59,3,vpc_peering,735
1788752404736000000,156.9,3,vpc_peering,736
1788752404737000000,176.08,3,vpc_peering,737
1788752404738000000,200.44,3,vpc_peering,738
1788752404739000000,176.95,3,vpc_peering,739
1788752404740000000,164.41,3,vpc_peering,740
1788752404741000000,149.96,3,vpc_peering,741
1788752404742000000,180.05,3,vpc_peering,742
1788752404743000000,177.47,3,vpc_peering,743
1788752404744000000,196.94,3,vpc_peering,744
1788752404745000000,183.65,3,vpc_peering,745
1788752404746000000,188.39,3,vpc_peering,746
1788752404747000000,154.53,3,vpc_peering,747
1788752404748000000,158.31,3,vpc_peering,748
1788752404749000000,171.72,3,vpc_peering,749
1788752404750000000,182.01,3,vpc_peering,750
1788752404751000000,194.68,3,vpc_peering,751
1788752404752000000,190.64,3,vpc_peering,752
1788752404753000000,181.99,3,vpc_peering,753
1788752404754000000,138.2,3,vpc_peering,754
1788752404755000000,184.01,3,vpc_peering,755
1788752404756000000,170.31,3,vpc_peering,756
1788752404757000000,156.89,3,vpc_peering,757
1788752404758000000,187.04,3,vpc_peering,758
1788752404759000000,190.02,3,vpc_peering,759
1788752404760000000,157.47,3,vpc_peering,760
1788752404761000000,171.66,3,vpc_peering,761
1788752404762000000,182.0,3,vpc_peering,762
1788752404763000000,177.31,3,vpc_peering,763
1788752404764000000,169.25,3,vpc_peering,764
1788752404765000000,185.58,3,vpc_peering,765
1788752404766000000,146.95,3,vpc_peering,766
1788752404767000000,193.77,3,vpc_peering,767
1788752404768000000,179.4,3,vpc_peering,768
1788752404769000000,180.59,3,vpc_peering,769
1788752404770000000,170.18,3,vpc_peering,770
1788752404771000000,155.38,3,vpc_peering,771
1788752404772000000,196.0,3,vpc_peering,772
1788752404773000000,179.06,3,vpc_peering,773
1788752404774000000,193.2,3,vpc_peering,774
1788752404775000000,176.47,3,vpc_peering,775
1788752404776000000,150.91,3,vpc_peering,776
1788752404777000000,136.66,3,vpc_peering,777
1788752404778000000,182.89,3,vpc_peering,778
1788752404779000000,179.23,3,vpc_peering,779
1788752404780000000,171.3,3,vpc_peering,780
1788752404781000000,176.09,3,vpc_peering,781
1788752404782000000,192.45,3,vpc_peering,782
1788752404783000000,173.23,3,vpc_peering,783
1788752404784000000,163.18,3,vpc_peering,784
1788752404785000000,168.72,3,vpc_peering,785
1788752404786000000,183.25,3,vpc_peering,786
1788752404787000000,187.09,3,vpc_peering,787
1788752404788000000,157.82,3,vpc_peering,788
1788752404789000000,175.5,3,vpc_peering,789
1788752404790000000,169.67,3,vpc_peering,790
1788752404791000000,195.4,3,vpc_peering,791
1788752404792000000,176.22,3,vpc_peering,792
1788752404793000000,165.57,3,vpc_peering,793
1788752404794000000,155.17,3,vpc_peering,794
1788752404795000000,179.36,3,vpc_peering,795
1788752404796000000,171.41,3,vpc_peering,796
1788752404797000000,176.84,3,vpc_peering,797
1788752404798000000,162.37,3,vpc_peering,798
1788752404799000000,170.85,3,vpc_peering,799
1788752404800000000,184.2,3,vpc_peering,800
1788752404801000000,157.22,3,vpc_peering,801
1788752404802000000,166.97,3,vpc_peering,802
1788752404803000000,180.29,3,vpc_peering,803
1788752404804000000,138.0,3,vpc_peering,804
1788752404805000000,174.14,3,vpc_peering,805
1788752404806000000,168.42,3,vpc_peering,806
1788752404807000000,145.3,3,vpc_peering,807
1788752404808000000,193.26,3,vpc_peering,808
1788752404809000000,152.89,3,vpc_peering,809
1788752404810000000,181.3,3,vpc_peering,810
1788752404811000000,170.87,3,vpc_peering,811
1788752404812000000,176.01,3,vpc_peering,812
1788752404813000000,209.38,3,vpc_peering,813
1788752404814000000,179.51,3,vpc_peering,814
1788752404815000000,156.8,3,vpc_peering,815
1788752404816000000,155.49,3,vpc_peering,816
1788752404817000000,171.88,3,vpc_peering,817
1788752404818000000,164.03,3,vpc_peering,818
1788752404819000000,169.95,3,vpc_peering,819
1788752404820000000,187.72,3,vpc_peering,820
1788752404821000000,162.13,3,vpc_peering,821
1788752404822000000,187.75,3,vpc_peering,822
1788752404823000000,152.51,3,vpc_peering,823
1788752404824000000,169.97,3,vpc_peering,824
1788752404825000000,164.51,3,vpc_peering,825
1788752404826000000,169.37,3,vpc_peering,826
1788752404827000000,171.53,3,vpc_peering,827
1788752404828000000,190.13,3,vpc_peering,828
1788752404829000000,184.94,3,vpc_peering,829
1788752404830000000,174.14,3,vpc_peering,830
1788752404831000000,160.06,3,vpc_peering,831
1788752404832000000,144.87,3,vpc_peering,832
1788752404833000000,189.03,3,vpc_peering,833
1788752404834000000,157.32,3,vpc_peering,834
1788752404835000000,164.58,3,vpc_peering,835
1788752404836000000,174.72,3,vpc_peering,836
1788752404837000000,198.73,3,vpc_peering,837
1788752404838000000,164.18,3,vpc_peering,838
1788752404839000000,183.73,3,vpc_peering,839
1788752404840000000,185.43,3,vpc_peering,840
1788752404841000000,196.66,3,vpc_peering,841
1788752404842000000,203.17,3,vpc_peering,842
1788752404843000000,226.83,3,vpc_peering,843
1788752404844000000,182.71,3,vpc_peering,844
1788752404845000000,177.41,3,vpc_peering,845
1788752404846000000,151.31,3,vpc_peering,846
1788752404847000000,188.24,3,vpc_peering,847
1788752404848000000,173.74,3,vpc_peering,848
1788752404849000000,180.66,3,vpc_peering,849
1788752404850000000,181.2,3,vpc_peering,850
1788752404851000000,167.46,3,vpc_peering,851
1788752404852000000,173.44,3,vpc_peering,852
1788752404853000000,194.04,3,vpc_peering,853
1788752404854000000,175.42,3,vpc_peering,854
1788752404855000000,167.8,3,vpc_peering,855
1788752404856000000,153.61,3,vpc_peering,856
1788752404857000000,183.41,3,vpc_peering,857
1788752404858000000,177.63,3,vpc_peering,858
1788752404859000000,178.75,3,vpc_peering,859
1788752404860000000,154.09,3,vpc_peering,860
1788752404861000000,178.0,3,vpc_peering,861
1788752404862000000,175.94,3,vpc_peering,862
1788752404863000000,191.25,3,vpc_peering,863
1788752404864000000,193.86,3,vpc_peering,864
1788752404865000000,178.8,3,vpc_peering,865
1788752404866000000,177.22,3,vpc_peering,866
1788752404867000000,166.53,3,vpc_peering,867
1788752404868000000,180.95,3,vpc_peering,868
1788752404869000000,175.68,3,vpc_peering,869
1788752404870000000,190.17,3,vpc_peering,870
1788752404871000000,145.96,3,vpc_peering,871
1788752404872000000,188.7,3,vpc_peering,872
1788752404873000000,192.06,3,vpc_peering,873
1788752404874000000,194.69,3,vpc_peering,874
1788752404875000000,182.89,3,vpc_peering,875
1788752404876000000,154.42,3,vpc_peering,876
1788752404877000000,152.49,3,vpc_peering,877
1788752404878000000,146.07,3,vpc_peering,878
1788752404879000000,159.85,3,vpc_peering,879
1788752404880000000,175.74,3,vpc_peering,880
1788752404881000000,181.33,3,vpc_peering,881
1788752404882000000,198.19,3,vpc_peering,882
1788752404883000000,145.96,3,vpc_peering,883
1788752404884000000,141.17,3,vpc_peering,884
1788752404885000000,174.07,3,vpc_peering,885
1788752404886000000,166.49,3,vpc_peering,886
1788752404887000000,188.51,3,vpc_peering,887
1788752404888000000,172.05,3,vpc_peering,888
1788752404889000000,172.61,3,vpc_peering,889
1788752404890000000,183.44,3,vpc_peering,890
1788752404891000000,190.67,3,vpc_peering,891
1788752404892000000,164.2,3,vpc_peering,892
1788752404893000000,188.42,3,vpc_peering,893
1788752404894000000,184.38,3,vpc_peering,894
1788752404895000000,161.83,3,vpc_peering,895
1788752404896000000,176.64,3,vpc_peering,896
1788752404897000000,175.81,3,vpc_peering,897
1788752404898000000,167.71,3,vpc_peering,898
1788752404899000000,197.08,3,vpc_peering,899
1788752404900000000,160.45,3,vpc_peering,900
1788752404901000000,154.63,3,vpc_peering,901
1788752404902000000,192.95,3,vpc_peering,902
1788752404903000000,186.26,3,vpc_peering,903
1788752404904000000,192.84,3,vpc_peering,904
1788752404905000000,157.62,3,vpc_peering,905
1788752404906000000,173.37,3,vpc_peering,906
1788752404907000000,171.72,3,vpc_peering,907
1788752404908000000,174.91,3,vpc_peering,908
1788752404909000000,207.18,3,vpc_peering,909
1788752404910000000,192.12,3,vpc_peering,910
1788752404911000000,176.21,3,vpc_peering,911
1788752404912000000,148.39,3,vpc_peering,912
1788752404913000000,167.86,3,vpc_peering,913
1788752404914000000,171.43,3,vpc_peering,914
1788752404915000000,161.77,3,vpc_peering,915
1788752404916000000,166.45,3,vpc_peering,916
1788752404917000000,146.56,3,vpc_peering,917
1788752404918000000,162.94,3,vpc_peering,918
1788752404919000000,198.95,3,vpc_peering,919
1788752404920000000,179.67,3,vpc_peering,920
1788752404921000000,156.86,3,vpc_peering,921
1788752404922000000,171.69,3,vpc_peering,922
1788752404923000000,183.71,3,vpc_peering,923
1788752404924000000,167.32,3,vpc_peering,924
1788752404925000000,175.65,3,vpc_peering,925
1788752404926000000,177.45,3,vpc_peering,926
1788752404927000000,164.3,3,vpc_peering,927
1788752404928000000,160.18,3,vpc_peering,928
1788752404929000000,189.05,3,vpc_peering,929
1788752404930000000,173.3,3,vpc_peering,930
1788752404931000000,170.31,3,vpc_peering,931
1788752404932000000,175.15,3,vpc_peering,932
1788752404933000000,185.52,3,vpc_peering,933
1788752404934000000,164.8,3,vpc_peering,934
1788752404935000000,153.32,3,vpc_peering,935
1788752404936000000,167.1,3,vpc_peering,936
1788752404937000000,195.62,3,vpc_peering,937
1788752404938000000,175.33,3,vpc_peering,938
1788752404939000000,174.56,3,vpc_peering,939
1788752404940000000,169.49,3,vpc_peering,940
1788752404941000000,175.89,3,vpc_peering,941
1788752404942000000,172.99,3,vpc_peering,942
1788752404943000000,169.95,3,vpc_peering,943
1788752404944000000,172.25,3,vpc_peering,944
1788752404945000000,176.7,3,vpc_peering,945
1788752404946000000,177.08,3,vpc_peering,946
1788752404947000000,158.16,3,vpc_peering,947
1788752404948000000,166.03,3,vpc_peering,948
1788752404949000000,154.46,3,vpc_peering,949
1788752404950000000,165.85,3,vpc_peering,950
1788752404951000000,181.71,3,vpc_peering,951
1788752404952000000,167.61,3,vpc_peering,952
1788752404953000000,180.18,3,vpc_peering,953
1788752404954000000,169.06,3,vpc_peering,954
1788752404955000000,186.12,3,vpc_peering,955
1788752404956000000,160.36,3,vpc_peering,956
1788752404957000000,201.19,3,vpc_peering,957
1788752404958000000,209.38,3,vpc_peering,958
1788752404959000000,160.06,3,vpc_peering,959
1788752404960000000,197.85,3,vpc_peering,960
1788752404961000000,166.48,3,vpc_peering,961
1788752404962000000,169.83,3,vpc_peering,962
1788752404963000000,174.38,3,vpc_peering,963
1788752404964000000,177.06,3,vpc_peering,964
1788752404965000000,160.54,3,vpc_peering,965
1788752404966000000,185.81,3,vpc_peering,966
1788752404967000000,184.1,3,vpc_peering,967
1788752404968000000,162.61,3,vpc_peering,968
1788752404969000000,193.65,3,vpc_peering,969
1788752404970000000,160.82,3,vpc_peering,970
1788752404971000000,172.36,3,vpc_peering,971
1788752404972000000,172.96,3,vpc_peering,972
1788752404973000000,185.69,3,vpc_peering,973
1788752404974000000,178.76,3,vpc_peering,974
1788752404975000000,170.61,3,vpc_peering,975
1788752404976000000,187.06,3,vpc_peering,976
1788752404977000000,181.25,3,vpc_peering,977
1788752404978000000,162.48,3,vpc_peering,978
1788752404979000000,163.2,3,vpc_peering,979
1788752404980000000,165.97,3,vpc_peering,980
1788752404981000000,189.8,3,vpc_peering,981
1788752404982000000,202.91,3,vpc_peering,982
1788752404983000000,179.28,3,vpc_peering,983
1788752404984000000,164.98,3,vpc_peering,984
1788752404985000000,184.88,3,vpc_peering,985
1788752404986000000,162.12,3,vpc_peering,986
1788752404987000000,170.31,3,vpc_peering,987
1788752404988000000,152.0,3,vpc_peering,988
1788752404989000000,166.27,3,vpc_peering,989
1788752404990000000,186.09,3,vpc_peering,990
1788752404991000000,169.27,3,vpc_peering,991
1788752404992000000,174.3,3,vpc_peering,992
1788752404993000000,184.49,3,vpc_peering,993
1788752404994000000,181.87,3,vpc_peering,994
1788752404995000000,178.82,3,vpc_peering,995
1788752404996000000,182.86,3,vpc_peering,996
1788752404997000000,161.52,3,vpc_peering,997
1788752404998000000,160.52,3,vpc_peering,998
1788752404999000000,164.86,3,vpc_peering,999
1788752405000000000,183.78,3,vpc_peering,1000
1788752405001000000,767.4,3,transit_gateway,1
1788752405002000000,680.28,3,transit_gateway,2
1788752405003000000,794.57,3,transit_gateway,3
1788752405004000000,1016.55,3,transit_gateway,4
1788752405005000000,784.03,3,transit_gateway,5
1788752405006000000,973.12,3,transit_gateway,6
1788752405007000000,800.02,3,transit_gateway,7
1788752405008000000,817.29,3,transit_gateway,8
1788752405009000000,796.17,3,transit_gateway,9
1788752405010000000,889.89,3,transit_gateway,10
1788752405011000000,780.71,3,transit_gateway,11
1788752405012000000,898.43,3,transit_gateway,12
1788752405013000000,815.59,3,transit_gateway,13
1788752405014000000,744.74,3,transit_gateway,14
1788752405015000000,887.96,3,transit_gateway,15
1788752405016000000,862.27,3,transit_gateway,16
1788752405017000000,751.29,3,transit_gateway,17
1788752405018000000,872.57,3,transit_gateway,18
1788752405019000000,823.16,3,transit_gateway,19
1788752405020000000,777.22,3,transit_gateway,20
1788752405021000000,754.1,3,transit_gateway,21
1788752405022000000,809.77,3,transit_gateway,22
1788752405023000000,786.42,3,transit_gateway,23
1788752405024000000,791.39,3,transit_gateway,24
1788752405025000000,718.79,3,transit_gateway,25
1788752405026000000,887.7,3,transit_gateway,26
1788752405027000000,866.9,3,transit_gateway,27
1788752405028000000,844.54,3,transit_gateway,28
1788752405029000000,803.66,3,transit_gateway,29
1788752405030000000,857.29,3,transit_gateway,30
1788752405031000000,892.4,3,transit_gateway,31
1788752405032000000,822.13,3,transit_gateway,32
1788752405033000000,775.84,3,transit_gateway,33
1788752405034000000,817.72,3,transit_gateway,34
1788752405035000000,884.82,3,transit_gateway,35
1788752405036000000,772.47,3,transit_gateway,36
1788752405037000000,760.05,3,transit_gateway,37
1788752405038000000,828.94,3,transit_gateway,38
1788752405039000000,845.7,3,transit_gateway,39
1788752405040000000,758.17,3,transit_gateway,40
1788752405041000000,819.38,3,transit_gateway,41
1788752405042000000,851.86,3,transit_gateway,42
1788752405043000000,800.13,3,transit_gateway,43
1788752405044000000,736.13,3,transit_gateway,44
1788752405045000000,869.12,3,transit_gateway,45
1788752405046000000,865.63,3,transit_gateway,46
1788752405047000000,825.6,3,transit_gateway,47
1788752405048000000,768.64,3,transit_gateway,48
1788752405049000000,789.88,3,transit_gateway,49
1788752405050000000,740.83,3,transit_gateway,50
1788752405051000000,654.62,3,transit_gateway,51
1788752405052000000,738.97,3,transit_gateway,52
1788752405053000000,875.85,3,transit_gateway,53
1788752405054000000,785.01,3,transit_gateway,54
1788752405055000000,823.24,3,transit_gateway,55
1788752405056000000,904.57,3,transit_gateway,56
1788752405057000000,797.54,3,transit_gateway,57
1788752405058000000,878.87,3,transit_gateway,58
1788752405059000000,739.44,3,transit_gateway,59
1788752405060000000,763.13,3,transit_gateway,60
1788752405061000000,870.57,3,transit_gateway,61
1788752405062000000,735.17,3,transit_gateway,62
1788752405063000000,787.6,3,transit_gateway,63
1788752405064000000,826.08,3,transit_gateway,64
1788752405065000000,800.93,3,transit_gateway,65
1788752405066000000,753.13,3,transit_gateway,66
1788752405067000000,798.12,3,transit_gateway,67
1788752405068000000,803.45,3,transit_gateway,68
1788752405069000000,808.93,3,transit_gateway,69
1788752405070000000,992.46,3,transit_gateway,70
1788752405071000000,873.47,3,transit_gateway,71
1788752405072000000,784.65,3,transit_gateway,72
1788752405073000000,838.46,3,transit_gateway,73
1788752405074000000,839.85,3,transit_gateway,74
1788752405075000000,856.36,3,transit_gateway,75
1788752405076000000,711.47,3,transit_gateway,76
1788752405077000000,883.51,3,transit_gateway,77
1788752405078000000,806.28,3,transit_gateway,78
1788752405079000000,958.29,3,transit_gateway,79
1788752405080000000,825.41,3,transit_gateway,80
1788752405081000000,921.23,3,transit_gateway,81
1788752405082000000,763.37,3,transit_gateway,82
1788752405083000000,789.36,3,transit_gateway,83
1788752405084000000,790.88,3,transit_gateway,84
1788752405085000000,658.21,3,transit_gateway,85
1788752405086000000,705.01,3,transit_gateway,86
1788752405087000000,780.25,3,transit_gateway,87
1788752405088000000,818.57,3,transit_gateway,88
1788752405089000000,787.68,3,transit_gateway,89
1788752405090000000,855.69,3,transit_gateway,90
1788752405091000000,762.9,3,transit_gateway,91
1788752405092000000,810.02,3,transit_gateway,92
1788752405093000000,800.45,3,transit_gateway,93
1788752405094000000,765.78,3,transit_gateway,94
1788752405095000000,701.66,3,transit_gateway,95
1788752405096000000,734.36,3,transit_gateway,96
1788752405097000000,811.06,3,transit_gateway,97
1788752405098000000,741.47,3,transit_gateway,98
1788752405099000000,838.88,3,transit_gateway,99
1788752405100000000,868.71,3,transit_gateway,100
1788752405101000000,852.6,3,transit_gateway,101
1788752405102000000,828.19,3,transit_gateway,102
1788752405103000000,861.94,3,transit_gateway,103
1788752405104000000,869.03,3,transit_gateway,104
1788752405105000000,800.72,3,transit_gateway,105
1788752405106000000,735.89,3,transit_gateway,106
1788752405107000000,769.64,3,transit_gateway,107
1788752405108000000,841.0,3,transit_gateway,108
1788752405109000000,872.12,3,transit_gateway,109
1788752405110000000,909.34,3,transit_gateway,110
1788752405111000000,879.25,3,transit_gateway,111
1788752405112000000,847.32,3,transit_gateway,112
1788752405113000000,741.22,3,transit_gateway,113
1788752405114000000,630.31,3,transit_gateway,114
1788752405115000000,714.19,3,transit_gateway,115
1788752405116000000,791.06,3,transit_gateway,116
1788752405117000000,800.52,3,transit_gateway,117
1788752405118000000,909.81,3,transit_gateway,118
1788752405119000000,955.65,3,transit_gateway,119
1788752405120000000,816.02,3,transit_gateway,120
1788752405121000000,756.93,3,transit_gateway,121
1788752405122000000,749.99,3,transit_gateway,122
1788752405123000000,799.78,3,transit_gateway,123
1788752405124000000,659.89,3,transit_gateway,124
1788752405125000000,742.24,3,transit_gateway,125
1788752405126000000,782.44,3,transit_gateway,126
1788752405127000000,709.43,3,transit_gateway,127
1788752405128000000,798.16,3,transit_gateway,128
1788752405129000000,880.61,3,transit_gateway,129
1788752405130000000,748.07,3,transit_gateway,130
1788752405131000000,740.48,3,transit_gateway,131
1788752405132000000,905.56,3,transit_gateway,132
1788752405133000000,770.01,3,transit_gateway,133
1788752405134000000,827.71,3,transit_gateway,134
1788752405135000000,877.11,3,transit_gateway,135
1788752405136000000,735.41,3,transit_gateway,136
1788752405137000000,907.84,3,transit_gateway,137
1788752405138000000,859.89,3,transit_gateway,138
1788752405139000000,874.08,3,transit_gateway,139
1788752405140000000,778.69,3,transit_gateway,140
1788752405141000000,720.95,3,transit_gateway,141
1788752405142000000,746.08,3,transit_gateway,142
1788752405143000000,757.77,3,transit_gateway,143
1788752405144000000,840.16,3,transit_gateway,144
1788752405145000000,973.39,3,transit_gateway,145
1788752405146000000,838.18,3,transit_gateway,146
1788752405147000000,795.53,3,transit_gateway,147
1788752405148000000,783.7,3,transit_gateway,148
1788752405149000000,813.68,3,transit_gateway,149
1788752405150000000,786.82,3,transit_gateway,150
1788752405151000000,805.84,3,transit_gateway,151
1788752405152000000,843.84,3,transit_gateway,152
1788752405153000000,799.22,3,transit_gateway,153
1788752405154000000,785.53,3,transit_gateway,154
1788752405155000000,796.27,3,transit_gateway,155
1788752405156000000,765.81,3,transit_gateway,156
1788752405157000000,890.24,3,transit_gateway,157
1788752405158000000,878.65,3,transit_gateway,158
1788752405159000000,751.93,3,transit_gateway,159
1788752405160000000,820.74,3,transit_gateway,160
1788752405161000000,853.35,3,transit_gateway,161
1788752405162000000,856.43,3,transit_gateway,162
1788752405163000000,759.3,3,transit_gateway,163
1788752405164000000,777.7,3,transit_gateway,164
1788752405165000000,893.0,3,transit_gateway,165
1788752405166000000,955.24,3,transit_gateway,166
1788752405167000000,955.15,3,transit_gateway,167
1788752405168000000,838.68,3,transit_gateway,168
1788752405169000000,744.54,3,transit_gateway,169
1788752405170000000,895.36,3,transit_gateway,170
1788752405171000000,1013.74,3,transit_gateway,171
1788752405172000000,841.67,3,transit_gateway,172
1788752405173000000,691.71,3,transit_gateway,173
1788752405174000000,833.67,3,transit_gateway,174
1788752405175000000,932.02,3,transit_gateway,175
1788752405176000000,651.49,3,transit_gateway,176
1788752405177000000,713.15,3,transit_gateway,177
1788752405178000000,900.48,3,transit_gateway,178
1788752405179000000,747.37,3,transit_gateway,179
1788752405180000000,897.88,3,transit_gateway,180
1788752405181000000,748.23,3,transit_gateway,181
1788752405182000000,762.89,3,transit_gateway,182
1788752405183000000,820.38,3,transit_gateway,183
1788752405184000000,837.39,3,transit_gateway,184
1788752405185000000,696.23,3,transit_gateway,185
1788752405186000000,778.78,3,transit_gateway,186
1788752405187000000,705.53,3,transit_gateway,187
1788752405188000000,877.52,3,transit_gateway,188
1788752405189000000,818.79,3,transit_gateway,189
1788752405190000000,773.31,3,transit_gateway,190
1788752405191000000,802.63,3,transit_gateway,191
1788752405192000000,895.19,3,transit_gateway,192
1788752405193000000,767.63,3,transit_gateway,193
1788752405194000000,917.19,3,transit_gateway,194
1788752405195000000,764.84,3,transit_gateway,195
1788752405196000000,782.86,3,transit_gateway,196
1788752405197000000,873.73,3,transit_gateway,197
1788752405198000000,856.38,3,transit_gateway,198
1788752405199000000,848.92,3,transit_gateway,199
1788752405200000000,840.22,3,transit_gateway,200
1788752405201000000,741.39,3,transit_gateway,201
1788752405202000000,1012.92,3,transit_gateway,202
1788752405203000000,721.57,3,transit_gateway,203
1788752405204000000,834.47,3,transit_gateway,204
1788752405205000000,747.85,3,transit_gateway,205
1788752405206000000,744.73,3,transit_gateway,206
1788752405207000000,847.68,3,transit_gateway,207
1788752405208000000,763.48,3,transit_gateway,208
1788752405209000000,692.21,3,transit_gateway,209
1788752405210000000,809.95,3,transit_gateway,210
1788752405211000000,910.99,3,transit_gateway,211
1788752405212000000,834.67,3,transit_gateway,212
1788752405213000000,925.68,3,transit_gateway,213
1788752405214000000,814.06,3,transit_gateway,214
1788752405215000000,798.66,3,transit_gateway,215
1788752405216000000,736.0,3,transit_gateway,216
1788752405217000000,853.76,3,transit_gateway,217
1788752405218000000,757.59,3,transit_gateway,218
1788752405219000000,777.36,3,transit_gateway,219
1788752405220000000,833.24,3,transit_gateway,220
1788752405221000000,741.99,3,transit_gateway,221
1788752405222000000,935.24,3,transit_gateway,222
1788752405223000000,704.96,3,transit_gateway,223
1788752405224000000,952.53,3,transit_gateway,224
1788752405225000000,822.74,3,transit_gateway,225
1788752405226000000,901.8,3,transit_gateway,226
1788752405227000000,761.3,3,transit_gateway,227
1788752405228000000,694.04,3,transit_gateway,228
1788752405229000000,967.86,3,transit_gateway,229
1788752405230000000,820.64,3,transit_gateway,230
1788752405231000000,778.08,3,transit_gateway,231
1788752405232000000,796.91,3,transit_gateway,232
1788752405233000000,685.44,3,transit_gateway,233
1788752405234000000,829.51,3,transit_gateway,234
1788752405235000000,783.95,3,transit_gateway,235
1788752405236000000,732.12,3,transit_gateway,236
1788752405237000000,743.78,3,transit_gateway,237
1788752405238000000,830.74,3,transit_gateway,238
1788752405239000000,838.15,3,transit_gateway,239
1788752405240000000,833.89,3,transit_gateway,240
1788752405241000000,807.17,3,transit_gateway,241
1788752405242000000,700.81,3,transit_gateway,242
1788752405243000000,815.97,3,transit_gateway,243
1788752405244000000,766.55,3,transit_gateway,244
1788752405245000000,868.7,3,transit_gateway,245
1788752405246000000,602.86,3,transit_gateway,246
1788752405247000000,798.24,3,transit_gateway,247
1788752405248000000,860.86,3,transit_gateway,248
1788752405249000000,807.95,3,transit_gateway,249
1788752405250000000,864.28,3,transit_gateway,250
1788752405251000000,860.67,3,transit_gateway,251
1788752405252000000,747.29,3,transit_gateway,252
1788752405253000000,908.87,3,transit_gateway,253
1788752405254000000,740.44,3,transit_gateway,254
1788752405255000000,805.84,3,transit_gateway,255
1788752405256000000,802.19,3,transit_gateway,256
1788752405257000000,861.44,3,transit_gateway,257
1788752405258000000,932.55,3,transit_gateway,258
1788752405259000000,858.02,3,transit_gateway,259
1788752405260000000,751.68,3,transit_gateway,260
1788752405261000000,887.03,3,transit_gateway,261
1788752405262000000,741.67,3,transit_gateway,262
1788752405263000000,871.43,3,transit_gateway,263
1788752405264000000,820.78,3,transit_gateway,264
1788752405265000000,860.92,3,transit_gateway,265
1788752405266000000,831.21,3,transit_gateway,266
1788752405267000000,820.79,3,transit_gateway,267
1788752405268000000,866.26,3,transit_gateway,268
1788752405269000000,875.64,3,transit_gateway,269
1788752405270000000,822.05,3,transit_gateway,270
1788752405271000000,737.06,3,transit_gateway,271
1788752405272000000,733.28,3,transit_gateway,272
1788752405273000000,761.62,3,transit_gateway,273
1788752405274000000,801.84,3,transit_gateway,274
1788752405275000000,873.08,3,transit_gateway,275
1788752405276000000,660.15,3,transit_gateway,276
1788752405277000000,853.63,3,transit_gateway,277
1788752405278000000,911.25,3,transit_gateway,278
1788752405279000000,853.22,3,transit_gateway,279
1788752405280000000,845.94,3,transit_gateway,280
1788752405281000000,792.0,3,transit_gateway,281
1788752405282000000,794.34,3,transit_gateway,282
1788752405283000000,803.12,3,transit_gateway,283
1788752405284000000,856.75,3,transit_gateway,284
1788752405285000000,843.9,3,transit_gateway,285
1788752405286000000,807.09,3,transit_gateway,286
1788752405287000000,760.87,3,transit_gateway,287
1788752405288000000,715.98,3,transit_gateway,288
1788752405289000000,766.15,3,transit_gateway,289
1788752405290000000,727.03,3,transit_gateway,290
1788752405291000000,778.77,3,transit_gateway,291
1788752405292000000,888.0,3,transit_gateway,292
1788752405293000000,862.0,3,transit_gateway,293
1788752405294000000,770.56,3,transit_gateway,294
1788752405295000000,835.22,3,transit_gateway,295
1788752405296000000,704.25,3,transit_gateway,296
1788752405297000000,789.87,3,transit_gateway,297
1788752405298000000,823.85,3,transit_gateway,298
1788752405299000000,758.95,3,transit_gateway,299
1788752405300000000,855.71,3,transit_gateway,300
1788752405301000000,886.08,3,transit_gateway,301
1788752405302000000,798.9,3,transit_gateway,302
1788752405303000000,904.62,3,transit_gateway,303
1788752405304000000,797.21,3,transit_gateway,304
1788752405305000000,731.97,3,transit_gateway,305
1788752405306000000,849.11,3,transit_gateway,306
1788752405307000000,796.31,3,transit_gateway,307
1788752405308000000,789.1,3,transit_gateway,308
1788752405309000000,894.98,3,transit_gateway,309
1788752405310000000,915.32,3,transit_gateway,310
1788752405311000000,866.18,3,transit_gateway,311
1788752405312000000,674.27,3,transit_gateway,312
1788752405313000000,836.59,3,transit_gateway,313
1788752405314000000,849.99,3,transit_gateway,314
1788752405315000000,800.9,3,transit_gateway,315
1788752405316000000,778.78,3,transit_gateway,316
1788752405317000000,769.12,3,transit_gateway,317
1788752405318000000,865.98,3,transit_gateway,318
1788752405319000000,864.34,3,transit_gateway,319
1788752405320000000,859.17,3,transit_gateway,320
1788752405321000000,856.08,3,transit_gateway,321
1788752405322000000,935.01,3,transit_gateway,322
1788752405323000000,803.09,3,transit_gateway,323
1788752405324000000,800.32,3,transit_gateway,324
1788752405325000000,776.69,3,transit_gateway,325
1788752405326000000,887.66,3,transit_gateway,326
1788752405327000000,775.07,3,transit_gateway,327
1788752405328000000,854.47,3,transit_gateway,328
1788752405329000000,752.33,3,transit_gateway,329
1788752405330000000,795.5,3,transit_gateway,330
1788752405331000000,748.82,3,transit_gateway,331
1788752405332000000,755.08,3,transit_gateway,332
1788752405333000000,745.65,3,transit_gateway,333
1788752405334000000,897.4,3,transit_gateway,334
1788752405335000000,795.79,3,transit_gateway,335
1788752405336000000,859.2,3,transit_gateway,336
1788752405337000000,803.11,3,transit_gateway,337
1788752405338000000,898.95,3,transit_gateway,338
1788752405339000000,757.13,3,transit_gateway,339
1788752405340000000,863.41,3,transit_gateway,340
1788752405341000000,838.76,3,transit_gateway,341
1788752405342000000,881.7,3,transit_gateway,342
1788752405343000000,800.44,3,transit_gateway,343
1788752405344000000,877.87,3,transit_gateway,344
1788752405345000000,829.14,3,transit_gateway,345
1788752405346000000,759.32,3,transit_gateway,346
1788752405347000000,758.47,3,transit_gateway,347
1788752405348000000,914.98,3,transit_gateway,348
1788752405349000000,856.76,3,transit_gateway,349
1788752405350000000,770.62,3,transit_gateway,350
1788752405351000000,768.4,3,transit_gateway,351
1788752405352000000,822.52,3,transit_gateway,352
1788752405353000000,944.65,3,transit_gateway,353
1788752405354000000,668.79,3,transit_gateway,354
1788752405355000000,666.18,3,transit_gateway,355
1788752405356000000,817.06,3,transit_gateway,356
1788752405357000000,735.46,3,transit_gateway,357
1788752405358000000,846.44,3,transit_gateway,358
1788752405359000000,771.93,3,transit_gateway,359
1788752405360000000,868.67,3,transit_gateway,360
1788752405361000000,807.35,3,transit_gateway,361
1788752405362000000,822.13,3,transit_gateway,362
1788752405363000000,898.25,3,transit_gateway,363
1788752405364000000,847.82,3,transit_gateway,364
1788752405365000000,851.71,3,transit_gateway,365
1788752405366000000,807.24,3,transit_gateway,366
1788752405367000000,851.33,3,transit_gateway,367
1788752405368000000,855.78,3,transit_gateway,368
1788752405369000000,712.52,3,transit_gateway,369
1788752405370000000,846.41,3,transit_gateway,370
1788752405371000000,875.5,3,transit_gateway,371
1788752405372000000,661.03,3,transit_gateway,372
1788752405373000000,743.75,3,transit_gateway,373
1788752405374000000,953.52,3,transit_gateway,374
1788752405375000000,847.71,3,transit_gateway,375
1788752405376000000,834.1,3,transit_gateway,376
1788752405377000000,753.98,3,transit_gateway,377
1788752405378000000,864.36,3,transit_gateway,378
1788752405379000000,651.04,3,transit_gateway,379
1788752405380000000,800.91,3,transit_gateway,380
1788752405381000000,732.88,3,transit_gateway,381
1788752405382000000,798.18,3,transit_gateway,382
1788752405383000000,738.95,3,transit_gateway,383
1788752405384000000,809.75,3,transit_gateway,384
1788752405385000000,807.44,3,transit_gateway,385
1788752405386000000,706.35,3,transit_gateway,386
1788752405387000000,756.24,3,transit_gateway,387
1788752405388000000,870.97,3,transit_gateway,388
1788752405389000000,748.02,3,transit_gateway,389
1788752405390000000,913.17,3,transit_gateway,390
1788752405391000000,804.07,3,transit_gateway,391
1788752405392000000,748.41,3,transit_gateway,392
1788752405393000000,712.94,3,transit_gateway,393
1788752405394000000,746.23,3,transit_gateway,394
1788752405395000000,879.25,3,transit_gateway,395
1788752405396000000,783.64,3,transit_gateway,396
1788752405397000000,1013.04,3,transit_gateway,397
1788752405398000000,833.65,3,transit_gateway,398
1788752405399000000,861.59,3,transit_gateway,399
1788752405400000000,796.9,3,transit_gateway,400
1788752405401000000,946.15,3,transit_gateway,401
1788752405402000000,720.16,3,transit_gateway,402
1788752405403000000,751.51,3,transit_gateway,403
1788752405404000000,746.99,3,transit_gateway,404
1788752405405000000,855.36,3,transit_gateway,405
1788752405406000000,803.31,3,transit_gateway,406
1788752405407000000,943.69,3,transit_gateway,407
1788752405408000000,701.18,3,transit_gateway,408
1788752405409000000,816.84,3,transit_gateway,409
1788752405410000000,835.49,3,transit_gateway,410
1788752405411000000,778.08,3,transit_gateway,411
1788752405412000000,692.94,3,transit_gateway,412
1788752405413000000,800.2,3,transit_gateway,413
1788752405414000000,844.67,3,transit_gateway,414
1788752405415000000,827.73,3,transit_gateway,415
1788752405416000000,931.44,3,transit_gateway,416
1788752405417000000,757.92,3,transit_gateway,417
1788752405418000000,899.21,3,transit_gateway,418
1788752405419000000,771.78,3,transit_gateway,419
1788752405420000000,869.09,3,transit_gateway,420
1788752405421000000,908.99,3,transit_gateway,421
1788752405422000000,889.68,3,transit_gateway,422
1788752405423000000,697.09,3,transit_gateway,423
1788752405424000000,855.04,3,transit_gateway,424
1788752405425000000,832.92,3,transit_gateway,425
1788752405426000000,898.49,3,transit_gateway,426
1788752405427000000,765.6,3,transit_gateway,427
1788752405428000000,934.51,3,transit_gateway,428
1788752405429000000,795.66,3,transit_gateway,429
1788752405430000000,801.49,3,transit_gateway,430
1788752405431000000,790.19,3,transit_gateway,431
1788752405432000000,856.29,3,transit_gateway,432
1788752405433000000,785.21,3,transit_gateway,433
1788752405434000000,827.42,3,transit_gateway,434
1788752405435000000,852.34,3,transit_gateway,435
1788752405436000000,717.3,3,transit_gateway,436
1788752405437000000,896.67,3,transit_gateway,437
1788752405438000000,942.18,3,transit_gateway,438
1788752405439000000,718.16,3,transit_gateway,439
1788752405440000000,846.32,3,transit_gateway,440
1788752405441000000,718.58,3,transit_gateway,441
1788752405442000000,849.65,3,transit_gateway,442
1788752405443000000,862.74,3,transit_gateway,443
1788752405444000000,852.0,3,transit_gateway,444
1788752405445000000,885.94,3,transit_gateway,445
1788752405446000000,740.18,3,transit_gateway,446
1788752405447000000,767.96,3,transit_gateway,447
1788752405448000000,710.81,3,transit_gateway,448
1788752405449000000,822.75,3,transit_gateway,449
1788752405450000000,837.55,3,transit_gateway,450
1788752405451000000,852.53,3,transit_gateway,451
1788752405452000000,803.0,3,transit_gateway,452
1788752405453000000,836.4,3,transit_gateway,453
1788752405454000000,712.81,3,transit_gateway,454
1788752405455000000,890.54,3,transit_gateway,455
1788752405456000000,858.99,3,transit_gateway,456
1788752405457000000,825.53,3,transit_gateway,457
1788752405458000000,713.76,3,transit_gateway,458
1788752405459000000,940.49,3,transit_gateway,459
1788752405460000000,868.89,3,transit_gateway,460
1788752405461000000,877.39,3,transit_gateway,461
1788752405462000000,867.59,3,transit_gateway,462
1788752405463000000,702.36,3,transit_gateway,463
1788752405464000000,806.04,3,transit_gateway,464
1788752405465000000,830.03,3,transit_gateway,465
1788752405466000000,893.74,3,transit_gateway,466
1788752405467000000,820.47,3,transit_gateway,467
1788752405468000000,852.06,3,transit_gateway,468
1788752405469000000,674.9,3,transit_gateway,469
1788752405470000000,844.72,3,transit_gateway,470
1788752405471000000,864.48,3,transit_gateway,471
1788752405472000000,931.44,3,transit_gateway,472
1788752405473000000,872.94,3,transit_gateway,473
1788752405474000000,789.45,3,transit_gateway,474
1788752405475000000,809.5,3,transit_gateway,475
1788752405476000000,864.65,3,transit_gateway,476
1788752405477000000,661.12,3,transit_gateway,477
1788752405478000000,886.7,3,transit_gateway,478
1788752405479000000,865.38,3,transit_gateway,479
1788752405480000000,858.04,3,transit_gateway,480
1788752405481000000,708.9,3,transit_gateway,481
1788752405482000000,885.15,3,transit_gateway,482
1788752405483000000,759.15,3,transit_gateway,483
1788752405484000000,741.0,3,transit_gateway,484
1788752405485000000,765.27,3,transit_gateway,485
1788752405486000000,734.34,3,transit_gateway,486
1788752405487000000,735.35,3,transit_gateway,487
1788752405488000000,779.91,3,transit_gateway,488
1788752405489000000,741.67,3,transit_gateway,489
1788752405490000000,819.66,3,transit_gateway,490
1788752405491000000,803.26,3,transit_gateway,491
1788752405492000000,845.1,3,transit_gateway,492
1788752405493000000,700.79,3,transit_gateway,493
1788752405494000000,810.74,3,transit_gateway,494
1788752405495000000,879.14,3,transit_gateway,495
1788752405496000000,718.99,3,transit_gateway,496
1788752405497000000,873.65,3,transit_gateway,497
1788752405498000000,825.09,3,transit_gateway,498
1788752405499000000,792.09,3,transit_gateway,499
1788752405500000000,782.17,3,transit_gateway,500
1788752405501000000,752.82,3,transit_gateway,501
1788752405502000000,919.43,3,transit_gateway,502
1788752405503000000,829.65,3,transit_gateway,503
1788752405504000000,722.11,3,transit_gateway,504
1788752405505000000,829.34,3,transit_gateway,505
1788752405506000000,712.05,3,transit_gateway,506
1788752405507000000,819.59,3,transit_gateway,507
1788752405508000000,805.53,3,transit_gateway,508
1788752405509000000,683.22,3,transit_gateway,509
1788752405510000000,958.13,3,transit_gateway,510
1788752405511000000,883.75,3,transit_gateway,511
1788752405512000000,741.08,3,transit_gateway,512
1788752405513000000,798.16,3,transit_gateway,513
1788752405514000000,788.56,3,transit_gateway,514
1788752405515000000,729.12,3,transit_gateway,515
1788752405516000000,870.71,3,transit_gateway,516
1788752405517000000,737.93,3,transit_gateway,517
1788752405518000000,742.0,3,transit_gateway,518
1788752405519000000,709.03,3,transit_gateway,519
1788752405520000000,893.81,3,transit_gateway,520
1788752405521000000,875.36,3,transit_gateway,521
1788752405522000000,808.35,3,transit_gateway,522
1788752405523000000,784.59,3,transit_gateway,523
1788752405524000000,770.06,3,transit_gateway,524
1788752405525000000,840.03,3,transit_gateway,525
1788752405526000000,943.55,3,transit_gateway,526
1788752405527000000,970.61,3,transit_gateway,527
1788752405528000000,842.32,3,transit_gateway,528
1788752405529000000,735.24,3,transit_gateway,529
1788752405530000000,847.48,3,transit_gateway,530
1788752405531000000,936.09,3,transit_gateway,531
1788752405532000000,898.12,3,transit_gateway,532
1788752405533000000,846.14,3,transit_gateway,533
1788752405534000000,835.16,3,transit_gateway,534
1788752405535000000,800.24,3,transit_gateway,535
1788752405536000000,886.93,3,transit_gateway,536
1788752405537000000,923.36,3,transit_gateway,537
1788752405538000000,869.39,3,transit_gateway,538
1788752405539000000,788.75,3,transit_gateway,539
1788752405540000000,894.73,3,transit_gateway,540
1788752405541000000,864.29,3,transit_gateway,541
1788752405542000000,813.29,3,transit_gateway,542
1788752405543000000,840.41,3,transit_gateway,543
1788752405544000000,844.01,3,transit_gateway,544
1788752405545000000,833.34,3,transit_gateway,545
1788752405546000000,881.21,3,transit_gateway,546
1788752405547000000,771.94,3,transit_gateway,547
1788752405548000000,856.53,3,transit_gateway,548
1788752405549000000,814.71,3,transit_gateway,549
1788752405550000000,812.68,3,transit_gateway,550
1788752405551000000,915.05,3,transit_gateway,551
1788752405552000000,886.64,3,transit_gateway,552
1788752405553000000,825.25,3,transit_gateway,553
1788752405554000000,789.18,3,transit_gateway,554
1788752405555000000,817.53,3,transit_gateway,555
1788752405556000000,899.28,3,transit_gateway,556
1788752405557000000,866.82,3,transit_gateway,557
1788752405558000000,781.81,3,transit_gateway,558
1788752405559000000,679.62,3,transit_gateway,559
1788752405560000000,822.94,3,transit_gateway,560
1788752405561000000,799.46,3,transit_gateway,561
1788752405562000000,909.61,3,transit_gateway,562
1788752405563000000,807.15,3,transit_gateway,563
1788752405564000000,721.15,3,transit_gateway,564
1788752405565000000,792.74,3,transit_gateway,565
1788752405566000000,888.71,3,transit_gateway,566
1788752405567000000,924.08,3,transit_gateway,567
1788752405568000000,849.94,3,transit_gateway,568
1788752405569000000,1005.18,3,transit_gateway,569
1788752405570000000,809.73,3,transit_gateway,570
1788752405571000000,844.02,3,transit_gateway,571
1788752405572000000,747.89,3,transit_gateway,572
1788752405573000000,901.9,3,transit_gateway,573
1788752405574000000,758.77,3,transit_gateway,574
1788752405575000000,712.62,3,transit_gateway,575
1788752405576000000,791.3,3,transit_gateway,576
1788752405577000000,722.62,3,transit_gateway,577
1788752405578000000,757.08,3,transit_gateway,578
1788752405579000000,786.62,3,transit_gateway,579
1788752405580000000,892.33,3,transit_gateway,580
1788752405581000000,852.92,3,transit_gateway,581
1788752405582000000,891.92,3,transit_gateway,582
1788752405583000000,745.11,3,transit_gateway,583
1788752405584000000,800.6,3,transit_gateway,584
1788752405585000000,887.69,3,transit_gateway,585
1788752405586000000,852.79,3,transit_gateway,586
1788752405587000000,906.89,3,transit_gateway,587
1788752405588000000,959.47,3,transit_gateway,588
1788752405589000000,850.88,3,transit_gateway,589
1788752405590000000,942.68,3,transit_gateway,590
1788752405591000000,769.47,3,transit_gateway,591
1788752405592000000,860.11,3,transit_gateway,592
1788752405593000000,838.58,3,transit_gateway,593
1788752405594000000,858.74,3,transit_gateway,594
1788752405595000000,785.82,3,transit_gateway,595
1788752405596000000,958.01,3,transit_gateway,596
1788752405597000000,903.47,3,transit_gateway,597
1788752405598000000,793.77,3,transit_gateway,598
1788752405599000000,907.35,3,transit_gateway,599
1788752405600000000,908.88,3,transit_gateway,600
1788752405601000000,669.66,3,transit_gateway,601
1788752405602000000,781.27,3,transit_gateway,602
1788752405603000000,740.14,3,transit_gateway,603
1788752405604000000,780.93,3,transit_gateway,604
1788752405605000000,831.67,3,transit_gateway,605
1788752405606000000,759.52,3,transit_gateway,606
1788752405607000000,750.82,3,transit_gateway,607
1788752405608000000,855.64,3,transit_gateway,608
1788752405609000000,736.42,3,transit_gateway,609
1788752405610000000,689.85,3,transit_gateway,610
1788752405611000000,706.13,3,transit_gateway,611
1788752405612000000,729.5,3,transit_gateway,612
1788752405613000000,740.02,3,transit_gateway,613
1788752405614000000,780.48,3,transit_gateway,614
1788752405615000000,807.51,3,transit_gateway,615
1788752405616000000,747.25,3,transit_gateway,616
1788752405617000000,900.77,3,transit_gateway,617
1788752405618000000,784.2,3,transit_gateway,618
1788752405619000000,771.54,3,transit_gateway,619
1788752405620000000,750.45,3,transit_gateway,620
1788752405621000000,834.87,3,transit_gateway,621
1788752405622000000,780.65,3,transit_gateway,622
1788752405623000000,902.7,3,transit_gateway,623
1788752405624000000,785.45,3,transit_gateway,624
1788752405625000000,894.08,3,transit_gateway,625
1788752405626000000,843.62,3,transit_gateway,626
1788752405627000000,747.34,3,transit_gateway,627
1788752405628000000,815.65,3,transit_gateway,628
1788752405629000000,810.2,3,transit_gateway,629
1788752405630000000,803.6,3,transit_gateway,630
1788752405631000000,936.34,3,transit_gateway,631
1788752405632000000,756.57,3,transit_gateway,632
1788752405633000000,755.51,3,transit_gateway,633
1788752405634000000,918.78,3,transit_gateway,634
1788752405635000000,896.91,3,transit_gateway,635
1788752405636000000,810.71,3,transit_gateway,636
1788752405637000000,896.12,3,transit_gateway,637
1788752405638000000,994.98,3,transit_gateway,638
1788752405639000000,924.81,3,transit_gateway,639
1788752405640000000,867.99,3,transit_gateway,640
1788752405641000000,829.92,3,transit_gateway,641
1788752405642000000,797.05,3,transit_gateway,642
1788752405643000000,879.24,3,transit_gateway,643
1788752405644000000,885.76,3,transit_gateway,644
1788752405645000000,870.94,3,transit_gateway,645
1788752405646000000,855.04,3,transit_gateway,646
1788752405647000000,855.67,3,transit_gateway,647
1788752405648000000,712.32,3,transit_gateway,648
1788752405649000000,902.92,3,transit_gateway,649
1788752405650000000,887.97,3,transit_gateway,650
1788752405651000000,825.97,3,transit_gateway,651
1788752405652000000,672.3,3,transit_gateway,652
1788752405653000000,819.8,3,transit_gateway,653
1788752405654000000,871.87,3,transit_gateway,654
1788752405655000000,798.18,3,transit_gateway,655
1788752405656000000,879.73,3,transit_gateway,656
1788752405657000000,736.39,3,transit_gateway,657
1788752405658000000,741.73,3,transit_gateway,658
1788752405659000000,899.71,3,transit_gateway,659
1788752405660000000,726.79,3,transit_gateway,660
1788752405661000000,757.77,3,transit_gateway,661
1788752405662000000,850.11,3,transit_gateway,662
1788752405663000000,903.5,3,transit_gateway,663
1788752405664000000,922.71,3,transit_gateway,664
1788752405665000000,803.33,3,transit_gateway,665
1788752405666000000,742.75,3,transit_gateway,666
1788752405667000000,875.4,3,transit_gateway,667
1788752405668000000,888.98,3,transit_gateway,668
1788752405669000000,877.35,3,transit_gateway,669
1788752405670000000,840.49,3,transit_gateway,670
1788752405671000000,808.36,3,transit_gateway,671
1788752405672000000,786.77,3,transit_gateway,672
1788752405673000000,799.64,3,transit_gateway,673
1788752405674000000,701.4,3,transit_gateway,674
1788752405675000000,877.81,3,transit_gateway,675
1788752405676000000,826.69,3,transit_gateway,676
1788752405677000000,728.58,3,transit_gateway,677
1788752405678000000,745.28,3,transit_gateway,678
1788752405679000000,735.07,3,transit_gateway,679
1788752405680000000,710.31,3,transit_gateway,680
1788752405681000000,711.59,3,transit_gateway,681
1788752405682000000,762.63,3,transit_gateway,682
1788752405683000000,805.75,3,transit_gateway,683
1788752405684000000,784.01,3,transit_gateway,684
1788752405685000000,807.94,3,transit_gateway,685
1788752405686000000,885.62,3,transit_gateway,686
1788752405687000000,825.02,3,transit_gateway,687
1788752405688000000,820.48,3,transit_gateway,688
1788752405689000000,901.23,3,transit_gateway,689
1788752405690000000,823.85,3,transit_gateway,690
1788752405691000000,772.68,3,transit_gateway,691
1788752405692000000,809.61,3,transit_gateway,692
1788752405693000000,785.22,3,transit_gateway,693
1788752405694000000,877.02,3,transit_gateway,694
1788752405695000000,813.57,3,transit_gateway,695
1788752405696000000,778.26,3,transit_gateway,696
1788752405697000000,839.97,3,transit_gateway,697
1788752405698000000,836.88,3,transit_gateway,698
1788752405699000000,757.08,3,transit_gateway,699
1788752405700000000,782.67,3,transit_gateway,700
1788752405701000000,839.75,3,transit_gateway,701
1788752405702000000,782.16,3,transit_gateway,702
1788752405703000000,783.1,3,transit_gateway,703
1788752405704000000,885.63,3,transit_gateway,704
1788752405705000000,753.12,3,transit_gateway,705
1788752405706000000,779.74,3,transit_gateway,706
1788752405707000000,861.02,3,transit_gateway,707
1788752405708000000,778.62,3,transit_gateway,708
1788752405709000000,864.44,3,transit_gateway,709
1788752405710000000,815.23,3,transit_gateway,710
1788752405711000000,708.81,3,transit_gateway,711
1788752405712000000,1041.77,3,transit_gateway,712
1788752405713000000,935.22,3,transit_gateway,713
1788752405714000000,929.78,3,transit_gateway,714
1788752405715000000,861.1,3,transit_gateway,715
1788752405716000000,824.29,3,transit_gateway,716
1788752405717000000,850.01,3,transit_gateway,717
1788752405718000000,929.22,3,transit_gateway,718
1788752405719000000,765.44,3,transit_gateway,719
1788752405720000000,867.88,3,transit_gateway,720
1788752405721000000,763.73,3,transit_gateway,721
1788752405722000000,836.03,3,transit_gateway,722
1788752405723000000,936.65,3,transit_gateway,723
1788752405724000000,752.78,3,transit_gateway,724
1788752405725000000,890.22,3,transit_gateway,725
1788752405726000000,667.49,3,transit_gateway,726
1788752405727000000,846.68,3,transit_gateway,727
1788752405728000000,873.78,3,transit_gateway,728
1788752405729000000,892.8,3,transit_gateway,729
1788752405730000000,848.28,3,transit_gateway,730
1788752405731000000,871.86,3,transit_gateway,731
1788752405732000000,844.84,3,transit_gateway,732
1788752405733000000,839.79,3,transit_gateway,733
1788752405734000000,895.05,3,transit_gateway,734
1788752405735000000,902.92,3,transit_gateway,735
1788752405736000000,867.58,3,transit_gateway,736
1788752405737000000,868.51,3,transit_gateway,737
1788752405738000000,784.7,3,transit_gateway,738
1788752405739000000,696.24,3,transit_gateway,739
1788752405740000000,826.77,3,transit_gateway,740
1788752405741000000,870.03,3,transit_gateway,741
1788752405742000000,819.57,3,transit_gateway,742
1788752405743000000,873.77,3,transit_gateway,743
1788752405744000000,684.53,3,transit_gateway,744
1788752405745000000,830.99,3,transit_gateway,745
1788752405746000000,830.48,3,transit_gateway,746
1788752405747000000,708.56,3,transit_gateway,747
1788752405748000000,683.52,3,transit_gateway,748
1788752405749000000,745.03,3,transit_gateway,749
1788752405750000000,798.07,3,transit_gateway,750
1788752405751000000,861.81,3,transit_gateway,751
1788752405752000000,916.17,3,transit_gateway,752
1788752405753000000,945.54,3,transit_gateway,753
1788752405754000000,740.88,3,transit_gateway,754
1788752405755000000,796.95,3,transit_gateway,755
1788752405756000000,773.1,3,transit_gateway,756
1788752405757000000,889.57,3,transit_gateway,757
1788752405758000000,853.53,3,transit_gateway,758
1788752405759000000,728.05,3,transit_gateway,759
1788752405760000000,706.14,3,transit_gateway,760
1788752405761000000,862.52,3,transit_gateway,761
1788752405762000000,791.46,3,transit_gateway,762
1788752405763000000,760.26,3,transit_gateway,763
1788752405764000000,739.3,3,transit_gateway,764
1788752405765000000,768.24,3,transit_gateway,765
1788752405766000000,723.92,3,transit_gateway,766
1788752405767000000,828.93,3,transit_gateway,767
1788752405768000000,773.39,3,transit_gateway,768
1788752405769000000,752.44,3,transit_gateway,769
1788752405770000000,680.81,3,transit_gateway,770
1788752405771000000,1016.1,3,transit_gateway,771
1788752405772000000,866.1,3,transit_gateway,772
1788752405773000000,764.77,3,transit_gateway,773
1788752405774000000,877.19,3,transit_gateway,774
1788752405775000000,840.47,3,transit_gateway,775
1788752405776000000,974.94,3,transit_gateway,776
1788752405777000000,751.57,3,transit_gateway,777
1788752405778000000,954.51,3,transit_gateway,778
1788752405779000000,801.84,3,transit_gateway,779
1788752405780000000,903.92,3,transit_gateway,780
1788752405781000000,811.13,3,transit_gateway,781
1788752405782000000,811.48,3,transit_gateway,782
1788752405783000000,763.56,3,transit_gateway,783
1788752405784000000,619.69,3,transit_gateway,784
1788752405785000000,851.36,3,transit_gateway,785
1788752405786000000,886.7,3,transit_gateway,786
1788752405787000000,803.68,3,transit_gateway,787
1788752405788000000,813.82,3,transit_gateway,788
1788752405789000000,779.88,3,transit_gateway,789
1788752405790000000,795.93,3,transit_gateway,790
1788752405791000000,723.91,3,transit_gateway,791
1788752405792000000,869.17,3,transit_gateway,792
1788752405793000000,817.24,3,transit_gateway,793
1788752405794000000,767.18,3,transit_gateway,794
1788752405795000000,886.51,3,transit_gateway,795
1788752405796000000,752.94,3,transit_gateway,796
1788752405797000000,805.11,3,transit_gateway,797
1788752405798000000,917.46,3,transit_gateway,798
1788752405799000000,785.27,3,transit_gateway,799
1788752405800000000,878.79,3,transit_gateway,800
1788752405801000000,783.66,3,transit_gateway,801
1788752405802000000,669.69,3,transit_gateway,802
1788752405803000000,847.28,3,transit_gateway,803
1788752405804000000,727.69,3,transit_gateway,804
1788752405805000000,740.24,3,transit_gateway,805
1788752405806000000,842.22,3,transit_gateway,806
1788752405807000000,926.41,3,transit_gateway,807
1788752405808000000,761.64,3,transit_gateway,808
1788752405809000000,790.71,3,transit_gateway,809
1788752405810000000,735.59,3,transit_gateway,810
1788752405811000000,814.29,3,transit_gateway,811
1788752405812000000,884.62,3,transit_gateway,812
1788752405813000000,826.87,3,transit_gateway,813
1788752405814000000,778.68,3,transit_gateway,814
1788752405815000000,824.28,3,transit_gateway,815
1788752405816000000,854.08,3,transit_gateway,816
1788752405817000000,792.57,3,transit_gateway,817
1788752405818000000,810.5,3,transit_gateway,818
1788752405819000000,762.96,3,transit_gateway,819
1788752405820000000,757.19,3,transit_gateway,820
1788752405821000000,878.77,3,transit_gateway,821
1788752405822000000,886.82,3,transit_gateway,822
1788752405823000000,734.81,3,transit_gateway,823
1788752405824000000,936.22,3,transit_gateway,824
1788752405825000000,883.17,3,transit_gateway,825
1788752405826000000,832.56,3,transit_gateway,826
1788752405827000000,785.63,3,transit_gateway,827
1788752405828000000,797.82,3,transit_gateway,828
1788752405829000000,777.9,3,transit_gateway,829
1788752405830000000,776.43,3,transit_gateway,830
1788752405831000000,838.14,3,transit_gateway,831
1788752405832000000,786.31,3,transit_gateway,832
1788752405833000000,880.6,3,transit_gateway,833
1788752405834000000,776.25,3,transit_gateway,834
1788752405835000000,786.92,3,transit_gateway,835
1788752405836000000,804.07,3,transit_gateway,836
1788752405837000000,945.7,3,transit_gateway,837
1788752405838000000,739.21,3,transit_gateway,838
1788752405839000000,707.0,3,transit_gateway,839
1788752405840000000,820.34,3,transit_gateway,840
1788752405841000000,919.4,3,transit_gateway,841
1788752405842000000,838.51,3,transit_gateway,842
1788752405843000000,829.39,3,transit_gateway,843
1788752405844000000,727.53,3,transit_gateway,844
1788752405845000000,844.53,3,transit_gateway,845
1788752405846000000,720.54,3,transit_gateway,846
1788752405847000000,931.17,3,transit_gateway,847
1788752405848000000,879.41,3,transit_gateway,848
1788752405849000000,717.68,3,transit_gateway,849
1788752405850000000,859.09,3,transit_gateway,850
1788752405851000000,808.79,3,transit_gateway,851
1788752405852000000,776.9,3,transit_gateway,852
1788752405853000000,958.5,3,transit_gateway,853
1788752405854000000,787.04,3,transit_gateway,854
1788752405855000000,808.03,3,transit_gateway,855
1788752405856000000,715.56,3,transit_gateway,856
1788752405857000000,794.85,3,transit_gateway,857
1788752405858000000,888.0,3,transit_gateway,858
1788752405859000000,724.09,3,transit_gateway,859
1788752405860000000,933.95,3,transit_gateway,860
1788752405861000000,879.44,3,transit_gateway,861
1788752405862000000,889.54,3,transit_gateway,862
1788752405863000000,788.03,3,transit_gateway,863
1788752405864000000,762.14,3,transit_gateway,864
1788752405865000000,863.51,3,transit_gateway,865
1788752405866000000,739.49,3,transit_gateway,866
1788752405867000000,937.8,3,transit_gateway,867
1788752405868000000,939.93,3,transit_gateway,868
1788752405869000000,785.53,3,transit_gateway,869
1788752405870000000,707.35,3,transit_gateway,870
1788752405871000000,798.55,3,transit_gateway,871
1788752405872000000,888.84,3,transit_gateway,872
1788752405873000000,728.68,3,transit_gateway,873
1788752405874000000,842.24,3,transit_gateway,874
1788752405875000000,946.5,3,transit_gateway,875
1788752405876000000,798.01,3,transit_gateway,876
1788752405877000000,833.89,3,transit_gateway,877
1788752405878000000,641.78,3,transit_gateway,878
1788752405879000000,939.21,3,transit_gateway,879
1788752405880000000,874.7,3,transit_gateway,880
1788752405881000000,882.68,3,transit_gateway,881
1788752405882000000,845.5,3,transit_gateway,882
1788752405883000000,755.58,3,transit_gateway,883
1788752405884000000,836.37,3,transit_gateway,884
1788752405885000000,674.47,3,transit_gateway,885
1788752405886000000,829.54,3,transit_gateway,886
1788752405887000000,761.86,3,transit_gateway,887
1788752405888000000,813.64,3,transit_gateway,888
1788752405889000000,805.31,3,transit_gateway,889
1788752405890000000,822.58,3,transit_gateway,890
1788752405891000000,904.09,3,transit_gateway,891
1788752405892000000,1015.19,3,transit_gateway,892
1788752405893000000,717.41,3,transit_gateway,893
1788752405894000000,778.78,3,transit_gateway,894
1788752405895000000,972.69,3,transit_gateway,895
1788752405896000000,690.2,3,transit_gateway,896
1788752405897000000,936.63,3,transit_gateway,897
1788752405898000000,902.25,3,transit_gateway,898
1788752405899000000,827.91,3,transit_gateway,899
1788752405900000000,730.38,3,transit_gateway,900
1788752405901000000,921.18,3,transit_gateway,901
1788752405902000000,869.0,3,transit_gateway,902
1788752405903000000,849.74,3,transit_gateway,903
1788752405904000000,746.69,3,transit_gateway,904
1788752405905000000,816.97,3,transit_gateway,905
1788752405906000000,792.07,3,transit_gateway,906
1788752405907000000,723.29,3,transit_gateway,907
1788752405908000000,852.62,3,transit_gateway,908
1788752405909000000,714.81,3,transit_gateway,909
1788752405910000000,779.51,3,transit_gateway,910
1788752405911000000,845.5,3,transit_gateway,911
1788752405912000000,828.95,3,transit_gateway,912
1788752405913000000,822.53,3,transit_gateway,913
1788752405914000000,818.42,3,transit_gateway,914
1788752405915000000,781.38,3,transit_gateway,915
1788752405916000000,905.88,3,transit_gateway,916
1788752405917000000,915.6,3,transit_gateway,917
1788752405918000000,895.34,3,transit_gateway,918
1788752405919000000,876.42,3,transit_gateway,919
1788752405920000000,893.29,3,transit_gateway,920
1788752405921000000,790.63,3,transit_gateway,921
1788752405922000000,788.16,3,transit_gateway,922
1788752405923000000,786.59,3,transit_gateway,923
1788752405924000000,987.85,3,transit_gateway,924
1788752405925000000,757.52,3,transit_gateway,925
1788752405926000000,823.35,3,transit_gateway,926
1788752405927000000,842.09,3,transit_gateway,927
1788752405928000000,804.78,3,transit_gateway,928
1788752405929000000,856.89,3,transit_gateway,929
1788752405930000000,930.16,3,transit_gateway,930
1788752405931000000,854.29,3,transit_gateway,931
1788752405932000000,792.06,3,transit_gateway,932
1788752405933000000,830.13,3,transit_gateway,933
1788752405934000000,763.97,3,transit_gateway,934
1788752405935000000,796.65,3,transit_gateway,935
1788752405936000000,773.98,3,transit_gateway,936
1788752405937000000,755.41,3,transit_gateway,937
1788752405938000000,899.36,3,transit_gateway,938
1788752405939000000,737.44,3,transit_gateway,939
1788752405940000000,790.41,3,transit_gateway,940
1788752405941000000,654.7,3,transit_gateway,941
1788752405942000000,944.69,3,transit_gateway,942
1788752405943000000,820.08,3,transit_gateway,943
1788752405944000000,805.38,3,transit_gateway,944
1788752405945000000,803.97,3,transit_gateway,945
1788752405946000000,742.11,3,transit_gateway,946
1788752405947000000,853.68,3,transit_gateway,947
1788752405948000000,662.03,3,transit_gateway,948
1788752405949000000,797.56,3,transit_gateway,949
1788752405950000000,859.38,3,transit_gateway,950
1788752405951000000,918.52,3,transit_gateway,951
1788752405952000000,873.45,3,transit_gateway,952
1788752405953000000,754.3,3,transit_gateway,953
1788752405954000000,942.21,3,transit_gateway,954
1788752405955000000,832.71,3,transit_gateway,955
1788752405956000000,821.16,3,transit_gateway,956
1788752405957000000,729.74,3,transit_gateway,957
1788752405958000000,797.19,3,transit_gateway,958
1788752405959000000,832.25,3,transit_gateway,959
1788752405960000000,799.06,3,transit_gateway,960
1788752405961000000,830.37,3,transit_gateway,961
1788752405962000000,689.04,3,transit_gateway,962
1788752405963000000,949.49,3,transit_gateway,963
1788752405964000000,798.65,3,transit_gateway,964
1788752405965000000,677.6,3,transit_gateway,965
1788752405966000000,920.65,3,transit_gateway,966
1788752405967000000,760.12,3,transit_gateway,967
1788752405968000000,826.45,3,transit_gateway,968
1788752405969000000,658.97,3,transit_gateway,969
1788752405970000000,853.77,3,transit_gateway,970
1788752405971000000,940.94,3,transit_gateway,971
1788752405972000000,758.54,3,transit_gateway,972
1788752405973000000,814.33,3,transit_gateway,973
1788752405974000000,865.84,3,transit_gateway,974
1788752405975000000,941.67,3,transit_gateway,975
1788752405976000000,849.72,3,transit_gateway,976
1788752405977000000,810.16,3,transit_gateway,977
1788752405978000000,866.54,3,transit_gateway,978
1788752405979000000,871.39,3,transit_gateway,979
1788752405980000000,746.77,3,transit_gateway,980
1788752405981000000,813.87,3,transit_gateway,981
1788752405982000000,787.38,3,transit_gateway,982
1788752405983000000,909.0,3,transit_gateway,983
1788752405984000000,872.95,3,transit_gateway,984
1788752405985000000,737.04,3,transit_gateway,985
1788752405986000000,732.37,3,transit_gateway,986
1788752405987000000,664.99,3,transit_gateway,987
1788752405988000000,810.19,3,transit_gateway,988
1788752405989000000,927.08,3,transit_gateway,989
1788752405990000000,825.12,3,transit_gateway,990
1788752405991000000,841.13,3,transit_gateway,991
1788752405992000000,719.55,3,transit_gateway,992
1788752405993000000,839.36,3,transit_gateway,993
1788752405994000000,934.29,3,transit_gateway,994
1788752405995000000,835.28,3,transit_gateway,995
1788752405996000000,874.96,3,transit_gateway,996
1788752405997000000,784.98,3,transit_gateway,997
1788752405998000000,703.64,3,transit_gateway,998
1788752405999000000,754.89,3,transit_gateway,999
1788752406000000000,788.96,3,transit_gateway,1000
